id,pm2_5
id_ihxgrbq8bw,17.970659551610204
id_dg6s4fhiwe,23.6080198281403
id_f7hwwtmuzp,16.24844746845673
id_ioese5awdg,25.870310720832677
id_hdw320zpls,23.156236573921348
id_wnxl0jyxdm,23.756075581958147
id_irr46cfvrz,35.334299864792555
id_l3lg8y1tar,33.47801251091721
id_9bzncgu7ap,14.820161846480325
id_tq8gz80e59,26.223025500093772
id_gouch6j71l,24.143675577513672
id_gvg6pup3v5,23.432283119178386
id_xsyh8m7o0c,25.649586835634175
id_hsr9nym75x,16.535105443221674
id_kk2mprzws5,18.34304777011961
id_zztb716ruj,35.01605426348252
id_nc37c47azq,21.676695593170553
id_aq2zwrpazm,13.37438166307062
id_1if5noe1b4,22.473972766379152
id_9ch9qgghhp,16.256875516253025
id_i8ez1ppqtt,28.584870437575358
id_1gzede3sx1,12.625695614778834
id_c0cjjirgpf,18.67694207315893
id_y3cgdjsgq1,22.637056469196235
id_hqfk9eb7i3,23.7764063360221
id_heuv8vkjh4,14.355598446855952
id_fcoot945yi,21.958428297879934
id_h4j7gdpygc,16.28097599929412
id_0z5dftxu4p,19.720678557286256
id_0l3lpe7b09,18.10188497367521
id_q51pjcyt8q,17.858823674592728
id_5y5tak334a,36.876856778429236
id_ffpap9n3bi,18.4363978543978
id_wlrkf9c15k,36.583590736258245
id_i2rh9ih3f4,26.378596997098278
id_uqm3krxam7,25.930046639328403
id_3iwa156mvm,20.52591400323072
id_1lz3s1bdxs,29.756130717646965
id_jmqt01idjp,27.365455005041895
id_8gb7nw0rmx,24.141822217471066
id_4xwo0p10w6,27.308855354830296
id_m5bwlzsq1q,24.058683628998292
id_z4d44hh4z0,55.029657450489125
id_pmh6yxhfva,28.452474135920852
id_35d6qsok4a,31.968677281148242
id_77htjr9yc8,35.6891861929659
id_t8vdruehat,43.60783017181436
id_jckj5zjs3u,58.001880378322795
id_iaz7r7qv9z,38.507622003618735
id_uifln55ls5,58.40318098632656
id_d32frejzqm,40.40499440787055
id_exdub9ncvr,70.20306923567387
id_mxkrqowab2,58.63915295002095
id_y8ho5r6i9n,53.09553885439889
id_fiygo06opn,61.57090638526948
id_o3dfdr4sk8,66.5958394760503
id_akv54mqumg,72.24508946769329
id_h24kmkoube,13.23426658468322
id_x3hkwvtuum,13.99416880343044
id_w5yebgnpv0,13.457386156962396
id_0sqrmgfxq8,12.997968862246724
id_af7sxbklj4,12.704966919722493
id_hv5isckfyd,15.46081238981202
id_ghg0lmyh5v,18.29370632875965
id_wpckthcmjz,18.09962220394321
id_u8j139024n,11.970497836333166
id_1jadvwi51a,12.271222058058308
id_1gm8yzoyli,11.82927455669819
id_qsbblt5w3q,13.96541120749151
id_51h39wnp4b,8.814166597669487
id_ny5f2xtwmp,14.283055082905825
id_3dhao9xr06,11.851841203734942
id_wwcepeo72q,10.802157679134982
id_aekpxa9j8r,20.72809135367679
id_hlshs2v7p0,5.631051776735361
id_csaw4okqxs,13.808046552181551
id_a57xn6b266,15.289971473101327
id_v6zbdry3ae,15.55133052891833
id_mjgt3wrumc,18.72194509922667
id_rb71ryy76k,18.018718373047275
id_rzzwlgdruk,12.408440714690942
id_bg7hzhz9s5,19.429816285148362
id_9f0xa0vpm0,18.781551553434543
id_x19qug1u9n,19.139264056780934
id_neebsy7lt3,13.615129958199374
id_k5jc67rf2q,13.369969141566925
id_6vw340icrq,17.417217363704204
id_rpzdo2jabq,17.57712243447914
id_3m8w0ho783,29.505735672154003
id_2ziuzg6bnw,12.17661898263763
id_4hps6472o7,13.90068601728805
id_9cb9qenzw7,15.964441676262775
id_6rvd06xnhq,19.313095187464448
id_22gpyw7j4j,20.122692400971435
id_970drtediu,23.865216967392225
id_oec1w7ootb,20.410052585243324
id_7onpirv1s3,23.06800963243126
id_8rt8qfy8h4,14.97351745810427
id_e69vc06bss,27.85903505303672
id_7dv4xh47cy,17.357859727655306
id_vfx2x5hc15,22.9509613036752
id_ljvpa6cdtz,12.155075448165862
id_faa2v5ox7q,15.883602572491712
id_t6xdbl4ne4,15.611014630989311
id_r2fdbsyh1n,17.723312878689605
id_jhwi52u0q3,25.51764944303078
id_55pa9g9m9g,17.253289039984494
id_u347bmckbj,18.20125536154597
id_3ygrfqgttc,22.91142354396813
id_z7heeojpzb,28.77497002702734
id_utgueavnmx,20.618128320597574
id_h2tqqtxe1w,23.173719684036033
id_mrdqqwst7r,13.796555407134639
id_5053tusxc6,14.10950643291097
id_h6t5tbsidc,22.733014396369366
id_4fs05d28s6,18.530817897648593
id_qye7jwpbs8,21.304228923140645
id_um00ew0g1b,15.519986504980396
id_fzvy60mdma,13.135578373746016
id_l7u41q4cr9,16.63191437031129
id_26og4v2wx5,19.01493428979853
id_b0a1xu6nu0,9.720143308467145
id_xumsw5m3ip,17.29026609394519
id_3ftig6nrpk,16.42733514943503
id_0ejl66y98y,23.456819940974253
id_ph0mqd3qdu,24.872941952646613
id_1j21vhuakg,21.640323871970256
id_9b866t3kcl,17.799391199436474
id_gm3rhu9jak,14.987658590196853
id_vldjdgbudl,24.905734550815218
id_sg9gnw6j9a,20.57024424516751
id_jy6wca6oh6,18.055781326086
id_lgnofy6syn,17.76918751250668
id_g1j9pxh5yp,15.5098679626883
id_xoh80ei36j,12.745222107032076
id_g4idr9b72i,19.662177408778575
id_b7cn1tm7jw,24.90700992548305
id_3kkfl60mdt,14.285340978237292
id_3cnzembvt2,19.83043461722939
id_qh3hmxe3vl,14.513106267799788
id_dm2ngicucl,14.463432474476507
id_0pj7rbu5pl,14.91517641973911
id_0b7len9grt,9.081226962352646
id_lkjbthp6xi,19.223471624929456
id_msyur8bama,12.75414933903944
id_r6b4lems42,15.557389468133378
id_tdtmvz23p5,20.25085383894334
id_ucg35myewu,19.2765988454773
id_cpu27o1708,7.7268761494541245
id_8g3bfwtmtc,10.455360846231118
id_lvwrewueod,16.505872180661168
id_vjr52dclmq,16.406447570045206
id_74lpfoxs1u,14.586087556948353
id_51ipsqq6fi,13.205885097904135
id_rgv5vz1wi7,13.125070609567294
id_xukt8h1854,13.987811779482831
id_pvjuaozpis,14.392559953441808
id_dpstb14com,15.26223321444412
id_hfo34xjax3,13.995507068611719
id_1xcm67i57m,13.473155530076388
id_5w78ao9f51,14.933662949530275
id_wjwp5bnl95,12.480497492497399
id_q29d5fhap5,13.390381753659335
id_stpxgfh6at,18.315762550156595
id_lp5fau1v5t,15.615418186551576
id_7oxqpk7s41,14.571285263559437
id_4dnmn33ra3,13.448193729519405
id_vxnrc9eyhk,9.441160201696896
id_ysrrbwixap,9.571545285009364
id_yhfx1lpevn,5.823165982269105
id_c6a44pvjv8,7.668628637268392
id_s9f3ml14cj,8.316966479089784
id_d0w9c0xp76,8.549891191857052
id_a9fbexs6qf,8.194418758890476
id_9wzfhpw4et,5.81674482729288
id_ryi27ogtvv,8.828717000411695
id_l4fl7gcf91,9.998547317968148
id_tkvbxrgren,9.947195681053072
id_1wkfcd4q6t,7.4560005864540235
id_mc88pd2apf,10.61882031150112
id_00iv2sgwb9,13.738750881778689
id_e7lfbanu92,17.789304957897674
id_1mdkr0dgz1,4.116757580761282
id_evzlq1bdq7,14.144976962137875
id_0fzcmep80p,-1.6201433297917642
id_dwd9xbd5ep,12.486374606489138
id_845jje9evg,9.809957822072436
id_cbrgljomk4,13.288831138602513
id_xadne3g2dw,9.083101476039
id_fdlsm6mg2z,16.965837856773568
id_r1w2mcb346,12.234084039046207
id_1c24ja9jag,9.960623303853133
id_h1v0nwz453,14.959695284305553
id_igvjbr17my,10.980522949894487
id_isnin8oj7j,11.242487516077661
id_lts441t4ge,15.814737672392528
id_7k86unkgbf,7.669950991018789
id_xs2ivx2taa,14.917170520586602
id_t8pxhu1lko,26.296496066549317
id_cncxlihk4l,9.874090806974229
id_u3n972yugw,16.41976801057992
id_5dtltk9ol8,14.812188000286515
id_2d4xbl322n,21.514904769526364
id_6ayd3hz9lc,13.2465531945483
id_fhedgc4ogi,12.529034168625971
id_je6xyskvqt,30.6585070150582
id_uqplr7i3e8,25.990575455585212
id_p2mep9skjf,20.38394753982681
id_klmztpbnj0,44.81381281287245
id_w8masqptnv,36.34676827577638
id_uqe5p1fz8i,25.057950526326888
id_vdcliffox0,17.979145363398843
id_suphbrot9x,29.023317675444183
id_qsl9hh9hbt,19.91469990238364
id_yorywxet0a,20.0207980526366
id_9rhbkh8kye,15.208584669420881
id_oh2pg7ik9m,17.380538953574046
id_u5xtrnbshq,27.469135779042805
id_pfcdhqpggy,25.284390447503373
id_rsbolu1d8s,21.801113606146856
id_1o41vsdb40,30.544407256815685
id_bthds7exkp,32.860510284297
id_u2lx4hcr19,14.200556214430915
id_vt2seycroc,35.38398693344663
id_ev3xsimi3e,23.51859204694277
id_8wsnxwqlaw,20.688373422898266
id_jhks2agjzh,33.94007229844609
id_abc042gxa9,16.84291093800175
id_t39ajz3mpo,34.62022342941369
id_7l7bqpd71y,34.52026617357247
id_k9uhbcg8zv,30.818630857973478
id_kf067ifyeu,12.098270017625527
id_6axl9l8y0y,14.94878221538294
id_fknkdrl6fy,23.00577688956545
id_8gmporna5z,19.013557601289335
id_a4bmoty06e,17.046232672222175
id_czo0d13gtz,16.146740157796778
id_co7jt5xego,25.686101344353464
id_2x6lo1wgko,11.60448023590461
id_9wjap2et51,21.255396243177998
id_c7mps6h2ft,24.264644496001083
id_j8yje9gqi8,12.981325886121935
id_vju59tgxzh,16.32906750492174
id_8lap7ve7md,21.56495777330541
id_pvs9bs83s2,36.54313826732087
id_qdivis4t0b,22.14767449586409
id_6ihg5rmjar,62.2298413161786
id_enahmr353n,34.926113096958915
id_m5la6rz5vl,25.520147900048695
id_lyc6fznfhn,24.021874232776042
id_u15ftwfcl7,43.44565922715473
id_mjaugtu77u,29.7402728557071
id_h1bl0y44h5,33.826434937976174
id_ixfnpr6f21,45.07479183960045
id_37e3n0alew,25.85010873372367
id_mj9599i7yu,58.29944640410937
id_aq1df4iqdu,40.44824038563885
id_2e5mcgpio6,29.194630437116672
id_o99bic4pl9,31.993830179313786
id_wee03f0g34,45.1543927532065
id_ebyp7dsb2j,60.240058122805266
id_xrw2te1q07,38.51423696660438
id_e1pr3nswl9,56.87439541449791
id_20jn6yzhpi,38.041714498054326
id_ef9regkoel,66.755373347233
id_ja9p3oi1ln,58.3150155273971
id_u4t0meqqix,50.35945973730501
id_ha9378tgsl,63.15993897969053
id_sm9fmjwje3,61.16235170004732
id_pq1s2kq7qs,76.89306819529055
id_zcw88t7w9n,20.862780367992926
id_9gqyxg4fuy,19.755774767776217
id_jlbv1pe7mw,27.469135779042805
id_nqkrnumlsr,25.284390447503373
id_vwov477zro,23.23893634699458
id_k8t4robso6,27.061205902440367
id_9574e2s4iv,30.46751143170712
id_g6sz61x3ui,37.62583707493659
id_65fdu115yz,30.50041064429557
id_jvvhzyikro,14.660891176398144
id_mjtm49jd0e,33.61306626150765
id_qisen8bs9m,21.31982078004392
id_4qcwh32n38,15.017454389328854
id_a1jgk8addq,15.058582227811796
id_eoh9eceljc,15.379332136444145
id_c9l6rfivhx,23.097968036577285
id_ity62l2ixr,15.915541235173265
id_b1kdt1v6wk,16.146740157796778
id_31slek226d,25.901055489369174
id_r5hynclox4,14.05534393824441
id_1zdag4te8b,26.51423592786859
id_9cji7mh5kx,20.80030143326897
id_pgt8lf7tci,14.963107924218802
id_9xwjmedzm3,24.340778745803615
id_qmng1j2b5t,22.484714921391458
id_lsjhv6dlig,36.68150331640994
id_5ei28dib31,16.727249622380413
id_djt23iw3mp,64.04413572376079
id_m9oojav91p,34.1199260568821
id_oivxgblcp2,24.021874232776042
id_0kdvltw7vu,26.034143634085538
id_6w4ajmwc5u,28.396319424691907
id_urkooowq9s,25.113328521875257
id_zj9z4qj012,57.529100589243626
id_8ziogga8ul,53.56544003738794
id_3p9o92k0y8,30.670198895255872
id_nys5746v2q,30.547494846032425
id_lfeylugwfg,43.24295852777564
id_doohdtcpi0,58.727703471750026
id_gvsxbrs2ay,38.51423696660438
id_tazjayaiyz,50.23587170867107
id_zrpmkxoezw,38.30790475111504
id_sqmq0975df,72.17939340795274
id_6lcd3eygj3,57.86437257832526
id_7rpimassqp,49.57663489156065
id_63ls321ztz,58.742516145773905
id_tkciymn5hs,60.941097574296116
id_kasmldlvq9,73.16080542954812
id_vlpyl2jer5,47.3003587902837
id_5qffgu5u3n,32.63223247501093
id_j988bph6z4,51.694681956073126
id_ws4odrtze8,35.92289417455776
id_wtahd5vwwm,42.08509979389026
id_07q159o6c5,44.1155274022019
id_zuwn8cdmpg,56.892964960921965
id_h18pxnwgaz,29.109375514573863
id_crcf47qz6r,21.17040820425754
id_s0472tpnvf,30.23374239262196
id_4x8344brzc,27.188187289463862
id_f3th0516p2,21.622036078259708
id_rq698snr9f,12.32981247889467
id_bqumy9109l,17.268694303308944
id_sa87ndj19i,27.759870878674832
id_l50a8gf4z2,21.420791321626027
id_d22097x7wg,15.77111992643431
id_o0l24mamhf,13.045957104697846
id_u0tbd0ho1d,17.294190934485812
id_jh9oqt4r06,20.73012261791224
id_s5qjht01ct,12.312177672777064
id_9jvayvxhsb,18.466679542449743
id_2ktyalo4fo,17.42322918873941
id_yytme869mp,23.499070441819594
id_qjy6t0mvby,26.777801931215947
id_vqx1ryf2ik,18.213004346107663
id_xlf2632glg,17.04850926659665
id_9ryn26zoyf,15.741311358282662
id_0bhupilpq3,21.998901931432624
id_3oog4p81et,15.385098830008065
id_7pwsq2822m,14.145619826381557
id_xco3eq9ewy,18.82163877076073
id_86pol7d8z8,20.61728848043839
id_4hq1smw4qm,15.774920267242525
id_mwm43tu1lt,21.360731903863876
id_egnnmgvz1t,15.9186745143607
id_ql3nhnzgo7,15.707968816490085
id_6yei7c05s5,16.139114238798552
id_37ncimqtl1,17.415032200976558
id_faigrj26mv,21.900927339699663
id_b8gmnur08k,16.50637514390798
id_uhkuycqlqg,12.821312523553951
id_hda4qbl82l,17.502793556005084
id_l81zesfyi6,19.3577575185902
id_8fw0qddr4t,18.50578563105132
id_3swlrvxi7m,10.204424613743363
id_2iq9tbz4bu,15.442036546063742
id_l3hzf7xam7,17.12531721640015
id_7yfs7z6re5,19.81252121881221
id_3qj7edycff,12.934008589096084
id_zz66kjwki8,15.20988212210334
id_836ugfrmfn,15.65127435225251
id_i7eew37mck,14.16125839878264
id_bxqgoacauj,14.18001894258126
id_0804vchmvm,12.024964287764359
id_o41hevo885,15.02042982800307
id_55ynsd7iob,13.595113201660938
id_xmnors3b2p,11.685545233340585
id_i0vim21vyr,13.644492521267079
id_9q4vgsr3t8,10.965878466427244
id_nzvtf8mk2z,12.688163739364175
id_qxhc5b04ve,9.596233941880183
id_bmoknxippd,7.992666850153626
id_y7pq8dp4ut,7.766155827206086
id_7ibql8i2hn,12.95488612911301
id_tbkdhkji8c,10.199790996790783
id_2xvazzddgt,10.19273893536557
id_vo6tjecx2y,9.970469095861672
id_td1i5lcg9k,10.970343233798527
id_ruc95ajmux,17.615180735164845
id_a0at61dzen,11.814125115706293
id_0zn9uivt40,13.694196405072042
id_qlx50d8vx2,3.4975245549986846
id_u6z7b5cbh4,13.869845179737176
id_qruu4eejyy,10.043547968385147
id_9vwonnifzw,7.102219018996488
id_0lnfawjnjk,11.839551617860423
id_31uzu5wcsr,13.710403822336508
id_uzija37zrh,14.053242280785172
id_z6s5np5auh,11.408985073227575
id_p084kqcwjo,13.303908715453163
id_qvm8ttfb1f,11.659165970239895
id_yzoxe0nplf,12.011864444107484
id_n95r9k6tql,15.619892169306251
id_i6gb7eojjd,7.543662022233214
id_rj99alu30y,12.04678393375964
id_qlb79248k0,24.992818711185137
id_5gr1418j07,9.442266928955078
id_mvspb7k941,17.129696815235743
id_w5jw7d4cs6,18.09375616969117
id_ksu34mhpjr,23.433656205439533
id_rwz1uudt8t,22.069681010923276
id_q22kldhur3,30.81417717373504
id_2ax9dk8j9y,26.08700099533199
id_tld5diafyf,21.15149447452934
id_do4asz4s0g,24.930648339730922
id_3alewcubl0,51.997592257013515
id_8zu910kppu,39.75226147616605
id_1s9nyk6u7a,23.12620342883535
id_l88880p40e,19.652127537651303
id_hr17wz72sy,32.96829214519651
id_cjj6ks4lan,30.86971190347698
id_16wvcdazgi,13.23426658468322
id_iq6jofmcl3,26.643286182461033
id_tdu0u91xwk,23.55043876645916
id_62jccue0vl,13.527639159635443
id_3sef84eg2u,11.817421771857523
id_w0f6u87fds,13.975820380870728
id_jwcwkcbb4n,18.09962220394321
id_sipbb762jx,10.99124067938335
id_pw524o2hj4,13.62641321630167
id_qlj4brmgs2,9.82665298835022
id_6fw4q0j9so,22.869228702600132
id_squdps1yn8,12.421999546763693
id_92ijbpy5c7,20.72809135367679
id_5mdgs1tb11,2.0585594380533956
id_pq77lq5wej,16.21384597827905
id_46mfsuetx3,13.01092934707469
id_l66xs53vq0,16.237519890901975
id_edk0v1a8wn,17.451709025094747
id_nztzaid365,13.195074154268221
id_1k9uqfcnfq,14.952833931866007
id_5rcti4kobf,13.176232252502443
id_al1l3ahw7b,24.199816370582955
id_3f3rzgujod,20.362389945000377
id_fr4pynhbb8,13.295870195458491
id_rnuqsg891b,11.694429547591326
id_3qw0q1r8qa,15.054750397810688
id_o84bqle0x6,15.322398378971029
id_han5yb04s9,13.294825671578744
id_n7pgevpqei,14.456004293837413
id_j0aw1xyk9t,21.683960747466994
id_xpcbsjawvs,21.163192463281515
id_y8vz7smn74,22.273706162136733
id_xtbriixm7z,17.05701440076087
id_l47atvid60,13.515736716943914
id_gqpbs3ql9v,19.843338440875925
id_mohvibrck6,11.216283416091455
id_m2e2vhsgc5,14.310476051227758
id_6q2dw9x7y4,16.413752912365638
id_r8hora5q1m,31.390753214779306
id_chvslqlmkj,16.27113517514238
id_z8b1es3pzh,16.755412035002035
id_crc6ejtto8,17.14870245321218
id_4hw7jthh0g,12.833676852566484
id_rtp2qosss7,15.0134776145203
id_2keurz29m5,15.077649140252998
id_5f0tzdcdu0,12.66969693726281
id_6g5cbmuktq,12.118384042287085
id_njm4qcclts,13.395164551643182
id_t8gjwi01yc,13.590340846083288
id_dfcidlgn6x,14.972444688605574
id_f7whsdcam5,12.647968885472737
id_hga8rjdes3,25.975799567576182
id_32z89yhhic,12.63740288623473
id_pza69wztdl,8.294319250537239
id_ndfihwmpp8,8.13055102163722
id_v6uj9ttsd9,13.9491811791356
id_qi267vxsvl,12.571730503772304
id_oezislbogz,13.09401320970773
id_yzmptlwk5v,8.44447141595579
id_1wgvveqkxt,10.158564682173875
id_hyunf795m9,7.654720123440799
id_9vmusmwa1w,8.316966479089784
id_7set4vt1jc,8.331893235391048
id_xsuqw4qhef,7.959412788663156
id_5rb2kj08fr,10.323218797907034
id_hub405wg5o,9.66176793178733
id_1dl4uombn1,9.580875740392475
id_0m5pjvhhts,9.94503715159612
id_wh6a14b72u,47.39114465083168
id_2gcokul8h5,47.85307304413535
id_ju5045k8te,56.6469790868323
id_lx8g1rejy7,34.1727554511135
id_xdcw1447i6,50.6599803208467
id_c530clrtlp,47.85307304413535
id_7bmurid7pw,55.40298721085865
id_z2s38nz9hk,33.58586400098487
id_18o8y735s3,11.008836756940875
id_wcox1ibc1u,16.960562151157824
id_8mteyw4ej2,11.653400931911671
id_yhr9822dsa,14.428857244317626
id_kx6r0n5p65,14.691686192266257
id_yll8ps5xps,16.457780983652228
id_2ss6w9mkjs,15.065740843141501
id_dywpbbt1rz,15.680153640415842
id_2sovq337ib,14.856535222793324
id_hl6vkdm5f3,14.473781318847351
id_7rweve2gtx,16.335168403897757
id_qenwsj9ypf,13.91774698406868
id_7tr958twwi,19.886240731490997
id_4pss24du4u,12.840498543717949
id_pvxshz55hm,25.261380820087073
id_hwn7gj0gnq,16.050678682177438
id_34w3aboagp,11.196584397756885
id_slzxbjxpdd,15.715763855476162
id_s9fvyed2xl,17.991336605014823
id_ojo4ns7rvu,19.723996518132875
id_oukj9m9l5u,17.843790852982977
id_4dncovxwgl,17.402919355267898
id_lhn0wnsi4q,25.188680789486032
id_8qzxmyj6yo,17.865111799459925
id_2st0ywh4w4,17.72072389154255
id_32luqy63su,22.987340724431316
id_oew67rrlis,9.653041002252866
id_byzy2benp0,16.018400672927967
id_16qarvdtx3,16.175508744772177
id_uxi3qu4l8e,15.606852320650228
id_vy83bxfo5s,14.691686192266257
id_z7ibc788zq,19.849095665802977
id_kbkbgy18jq,17.266368152918776
id_4zn86s4tbi,15.680153640415842
id_evx591r7y6,14.382167927155598
id_g6ojnnx069,14.473781318847351
id_7zixl3q2bq,16.335168403897757
id_0d9a1agg6b,13.91774698406868
id_3xt09a0de5,19.886240731490997
id_jbhh44km3c,14.994627128587698
id_5k2iegwee6,25.261380820087073
id_gibzm0hke2,16.050678682177438
id_zl5phiqojd,11.196584397756885
id_c15wxxvb75,15.468037151892956
id_dau6fb0sfx,17.991336605014823
id_z9dk6h8cfb,19.723996518132875
id_uvaqu4nzmb,12.686880803156342
id_qpglm1d719,19.995049485843808
id_ct64dm03s8,25.188680789486032
id_is4l5fwjuv,18.07227757450262
id_vh0bwrobbe,18.526140037773327
id_b0mjh0b71o,23.140133344254956
id_0bpne8ucld,16.593377159798827
id_kvvjrrryc4,16.68591469281729
id_n5ybzqzepc,17.661710894852884
id_jaimxbu1pd,16.145227916292157
id_0l0w0orygd,16.261510957126845
id_lv55afmf77,16.021240497713336
id_9mfp6fw6w6,17.6792501017284
id_tafpzgg3t4,18.61299849035924
id_tiipv7kgu2,12.130957005914397
id_kwiv66i7i5,18.37934223469464
id_nl69sct7fu,14.217174858806397
id_l74jt76ryc,24.13469453565045
id_bxgj47nybk,20.705236346905796
id_923xwmt66s,15.432183588928524
id_aq97mswwiv,27.62213908036642
id_4vrb5vlcz7,21.213060124338455
id_xayf6v05hn,19.50682992888661
id_8pk1rf7oxo,18.482300059053877
id_sq8128da6u,16.729864996667747
id_8ihfuq3i8d,14.304341283175049
id_87jd29uf6p,16.453290865575234
id_4xpx2dt8ki,18.564059523178265
id_hqpr9h9axr,12.61667002732319
id_1k55ze4pps,18.799488009345104
id_2znei70wfr,15.452801946921975
id_9hhcbap87f,16.317499785649623
id_hey12d7qim,19.66543927398223
id_lh2vl46a2o,19.38660589971984
id_yr2wo25x72,14.320139317257997
id_t52himkovl,20.980736721951214
id_7tvjar0eff,21.455336458363465
id_i208pdedfj,16.632428450772096
id_d77mj6yxxd,19.325638786381717
id_jh49madd8v,15.659014016068616
id_cz441c0g6w,24.974181761710675
id_l9egn04p70,22.02433832056911
id_aof0geeadz,41.57276693874668
id_l14us4afx1,31.917729986438182
id_cyjw5nlwm3,46.222483726167866
id_gzuqpix1lm,51.51022646383348
id_z09r8zdwpl,9.653041002252866
id_avet97ghyy,16.960562151157824
id_8xxxnyrpzm,10.174984733375094
id_5mzgmww3um,15.606852320650228
id_8vxge8fi9v,14.691686192266257
id_jnw9eiv9ni,19.849095665802977
id_gaui5cuwn7,15.065740843141501
id_bk4agfxg5e,15.680153640415842
id_5si10x4q6c,14.729178646882824
id_e9emj2d53x,12.350520850764086
id_9llllv5i9s,16.335168403897757
id_mndm12zy06,13.91774698406868
id_2pxml96i79,19.886240731490997
id_oi59maxbit,12.784737923777929
id_tf7klyuj5c,25.099221281367203
id_jf1h95hidf,16.099705098265648
id_4njytufcfi,11.104374086050646
id_2zbs60m1hv,15.76743149238375
id_kbe0e397n3,17.982860772844244
id_attl7s5eit,22.545028342865507
id_jyqg51mks7,14.624110341487297
id_yvtlt4qsb5,18.941765772212506
id_ququ54p5qn,25.948641122518165
id_b3olj60ip0,17.67821434768405
id_ucm77r7n42,19.643183343991204
id_i94hu4l2he,22.987340724431316
id_sem18a4eih,15.680392909305239
id_iu4c2k0vqm,18.898782348296457
id_jez7q9vvpv,16.862239023514967
id_0g0h5fvenr,18.1649057703426
id_leyce5nz7b,17.004050022802375
id_ctiuipzphp,16.021240497713336
id_1uq7qu2no8,17.6792501017284
id_ag7p6aauq3,18.313101737235627
id_4v2gdi94ys,12.130957005914397
id_oiz391vhbb,16.191745488064612
id_dkh1dm7jv5,14.217174858806397
id_xp48k28xsx,24.13469453565045
id_8hzzltjopy,20.699102867372307
id_jxwkemji67,15.34982084379632
id_9e6zoef7pb,21.820139466801887
id_kw3reqh73r,21.195275773353536
id_i3soe2f356,19.371953685772812
id_s3sjs08z01,19.736054337464772
id_wgstp1qsjl,18.021029453607685
id_c79996j5ij,14.304341283175049
id_xyptp35mvl,16.623200787900743
id_psuhom729k,18.564059523178265
id_pow9jv5ucp,12.954566507038049
id_6wvbbh34gm,19.1917280189762
id_dt7c3hug70,15.37492822593219
id_j5p89q7hag,16.92496628946398
id_kc953hqc6u,21.48330636405474
id_lc6edh3b2s,19.38660589971984
id_9spkaqz73s,13.451640625660886
id_3htqh6ssl4,21.007350424505102
id_zc1ovm5htd,18.953077316833618
id_w7wwg1utwa,20.356432774299517
id_25epdpbix4,16.24673336893164
id_vs0hncomou,20.84432367791006
id_reegezw0zr,17.543442049992727
id_f6x16pl89y,15.25941460614219
id_9a8jkl3m2r,28.393876775882244
id_hoz5wrgxox,25.126497184811523
id_5ziz8chtiw,16.98960207011166
id_l1g99w61j0,17.913390571455647
id_40onwzmie5,17.274713144948937
id_wplsrqbqg1,13.582112253606976
id_8zk238knxs,14.587692769925566
id_0u52beiaqr,20.11919630384727
id_g8dmi5cj2u,11.368920588855167
id_qvb2pi3nbx,17.10300888434537
id_9ocs33mybq,14.198344107135178
id_le65pdwgzs,14.06262277771376
id_kj6oinfm9j,20.22305332771042
id_tiqxiw34y0,16.307000808964187
id_j5q5ukj913,14.603156404586725
id_wfsqr784ue,15.601783156389962
id_19yb602oya,13.788960022455349
id_p5abbz6sni,21.49869694034786
id_sj35fk9ewl,17.321908703693314
id_asczdnpq0c,12.780766106425373
id_bcoprnh1dh,13.861453933975314
id_4hnps4a19v,19.411816659545966
id_slby4mvn69,18.73190531384934
id_fdcwmf2mqw,15.468832943987065
id_pc2ol1dymd,15.484896552116862
id_72hn9xr2mt,17.14805976450483
id_ooylyenf74,14.695697114727784
id_7c0tvcd4mf,19.993076967020354
id_vo7qco3vo4,21.009935416594143
id_tyda8qzu9y,13.104594961247729
id_qjo74p50vb,12.593217103577041
id_qftdjlnuxo,13.824480464207717
id_8zkhvf7knd,13.914028539995172
id_zjdfiws1ze,18.47151548185577
id_km0396cm8u,10.816534936047088
id_0zb66667qv,16.784641720871633
id_xkul5db55f,12.543560004804476
id_0882wi4vll,16.965798296196034
id_vyjoukh7a3,13.515031830688745
id_mgzj7k2c88,17.672000664385557
id_mj68hapwjy,15.231008202325215
id_4k7w1huz70,18.138054367989607
id_cc5r73bssv,13.05094503150791
id_lpc3qqqc79,12.74828698535507
id_dgd25e5l5n,16.16019115910585
id_2u5h8ssj8f,16.066976361099233
id_qekvi0qhbi,16.04945225622192
id_7t5rwbvncv,23.778219199407314
id_wip1lfenhd,21.455336458363465
id_fz1zlhsz58,16.632428450772096
id_fzhszn9qgh,19.721501328979464
id_drhboq2o8f,12.228838188347494
id_67f2qgxjr4,24.974181761710675
id_c9jyqp5ts3,24.202762141279877
id_o5nsm6bufm,20.39985619332541
id_fliahadafe,26.680282719797546
id_ljzcxva3j0,30.619831803172676
id_4fg7od0p2h,22.911560375364125
id_r0bgionrrx,26.372203220610714
id_5mrclq7yja,26.51202307994782
id_v6ji6xpykj,22.097864577223117
id_gzxccfruiy,26.4228426702947
id_rch18sl7fq,42.78310801398016
id_dycgsa1kum,35.354054480723
id_dh2z6cu6bu,32.31940776995658
id_b3ij5seund,41.936091286860766
id_tziu881h86,37.92859559411536
id_321qju313s,19.44913532336997
id_dngcm1ubxs,38.31702913562502
id_vu0rtf6isv,45.48670813713573
id_tzfx3hbsak,41.87520559749548
id_rhg9ghnbc2,40.39587957129076
id_9hkqfrhrxo,43.10049121288875
id_1s9fc94wwm,49.03206672710195
id_6l0a121qin,56.43122562087752
id_iblicy6lwk,54.410604820513626
id_galqj45a9w,54.222284309164344
id_1dg8zj0o7z,41.75148590394254
id_9x63i9uu20,35.738376007876404
id_n4mgwkvcyo,46.07208311182569
id_h9o1enzmn6,51.51022646383348
id_4utcad6z0z,13.23426658468322
id_faw7vd63nz,15.521290725250159
id_bfmddpm7dk,15.209936536409627
id_zsn1j1j2ex,15.46081238981202
id_hnknralqvw,11.530050669867206
id_j3s4dhvwvf,13.090970089695977
id_nb9skm42eu,13.96541120749151
id_e30vibg2cr,14.017213365438275
id_hr07rxuwnk,14.517372627000363
id_cckgjin8j4,11.294760089271993
id_1igqyragk7,21.53279782483918
id_pbbqks4896,7.7723033004001145
id_yglxjnnnmd,13.375567481650153
id_akkkm90ju3,14.466539165352684
id_pnw5qxgci5,16.650477480944136
id_ed8b146zq4,25.083457224822528
id_dog1qrt65n,13.445929729366389
id_4iko2mf9m1,13.845989096304395
id_tf16irhnxj,19.40872967103036
id_z8dbvb7mld,19.139264056780934
id_hjojye2bnc,11.717811130186702
id_e74fkffny9,19.711253865539085
id_96r4h4wquw,15.119089805411866
id_n8zuiv730d,19.625339837731648
id_q9sf7h6id3,23.452254705283142
id_1ahz3wcpza,23.08556004823117
id_bij6rb0yyc,12.70119083138571
id_rj67797cdl,13.993087572623432
id_nfgy5cs3i7,19.0197122352481
id_2gg9612372,25.373737385499403
id_rd2ycsqjqu,17.253289039984494
id_yhyq4hrrvo,19.805388033406825
id_cugq7k2136,21.046412808219067
id_6ztrbzwf74,20.618128320597574
id_b3864dngn9,22.170239520324305
id_fslinj6lsz,13.796555407134639
id_nr59rjq353,13.135578373746016
id_f937o9uhz5,19.01493428979853
id_pdm9hc9akh,22.976029335924853
id_hlaacmpdc2,15.5098679626883
id_43l5b3qppy,19.990716294721533
id_nhboyjouon,21.663180185584288
id_e9tjlmzofe,23.923352321969098
id_uep5kutr80,16.34416823415281
id_xdu2qkcn9o,13.521325189492249
id_7xqj2zy62f,13.38933430364508
id_d3txp6ww71,12.858150234780227
id_kpr41h1gl2,13.368668799982615
id_eeu9sw0k2s,16.06586458837304
id_c20q8ikv7t,20.25085383894334
id_g8oqjuggsz,20.319331349381663
id_2nq4naxlui,10.455360846231118
id_qny2l3j2li,13.669067925427216
id_vvea9k8tgz,15.743718677749522
id_t009are3zm,13.759086419259669
id_uzuka63dnk,17.874599129992262
id_rkhciqi5gp,14.426634731856668
id_9qs0u03sne,14.10572625855579
id_beoswwa1jg,14.933662949530275
id_6yzetfd0jr,12.69811822305456
id_ip144xmrio,13.595113201660938
id_y1jzpsul42,12.743796160240283
id_irudkpu9cg,15.364272420183953
id_43ve2f04z8,11.37215168570856
id_4gby11apzd,21.09309938778269
id_brzm1fa82q,10.34850744996746
id_cikkzszzmw,14.144976962137875
id_93uc5zchkn,3.956683934992729
id_n6z1o0dpy1,11.561046608449479
id_r9li959sxm,10.977236017704088
id_om1wxt4lrr,9.261358366621156
id_kj1k62c4hk,9.083101476039
id_x9m9yvh87r,13.568234882426184
id_xraq80851o,12.863582383455165
id_hs3bu1nmse,13.377702444780429
id_w183sk05qy,14.196291924897615
id_ctdw7mpo2o,10.14820119066687
id_ycnd040s0i,11.189697135565556
id_bhghd6qnsh,12.159556580202665
id_yly1mkkcmj,11.601523094517646
id_bhcer2s6k1,7.166154080414556
id_ts9g0trocv,12.206549100673861
id_1qto62qavh,26.781659877102822
id_0wajzy8ts6,9.874090806974229
id_wpu97wbqk7,16.793597934765323
id_zmyx8uismd,16.713938254654007
id_nlxvai48i7,21.01917297885021
id_dkdt1jrmsn,20.722953308575384
id_8kq3got9a1,18.932434833200286
id_lr3rz1e86g,30.81417717373504
id_6kzxrawpey,25.187962440860463
id_xwyw71ldzx,19.994949530336573
id_kkivrvc6dv,28.189877851798705
id_94wuxmw8rb,46.95455300813777
id_3q8sdy56bq,39.75226147616605
id_oc2m0zmgnw,24.897443359796913
id_pwx9pelurg,19.211563859051008
id_acjbfx8dti,29.26686826703136
id_eum8a3klcq,30.86971190347698
id_444jxq8ki8,12.832630095768188
id_fokwurehqu,14.038014585780495
id_20s8fncc9t,17.960777092349808
id_ifa0c3dcm4,16.809474423146316
id_bl23vucby8,15.065740843141501
id_o1949nqyfa,13.393350516464375
id_y3f4c5fs4z,12.297025822415014
id_kdox62iiap,19.886240731490997
id_r8f5l77m7z,14.220655717910251
id_6xieqd6sjk,24.340862797634628
id_g3poszpaqe,16.342284584405157
id_tv3dx937tm,13.034001347150936
id_kufhei9qi0,15.48099800380508
id_6xvj9dnlf9,16.917577315878123
id_977w9neez7,19.528401944885694
id_74zzcs47si,18.375456409104842
id_dkzrsecwur,20.35559459297685
id_fzaay03gtj,23.446374375509215
id_2qlkll1nti,17.74146806519537
id_dkxo29nkhe,17.72072389154255
id_8z4hu1lzg6,16.854542000201345
id_bketz8ikkp,15.166868182814516
id_qbn6ng2ro0,20.275076002096164
id_pa1p75uuos,19.23673227109338
id_hgfifx9q4q,18.381278342031884
id_kqxhxu0vxw,17.139386473210628
id_eso5h6en02,15.788201342433592
id_tcnlwhm6by,17.6792501017284
id_2jgdesoznn,17.696762354710778
id_q1prt1nt1v,19.91798175871676
id_bpey1bdu4z,15.587050531517487
id_0f17xoy417,23.7341470185477
id_benw0ms5bl,20.699102867372307
id_ovvvd62h5n,15.432183588928524
id_8w0x0v8vc8,26.33037956796262
id_sr7nmu5cq5,23.238551529396027
id_uz69dxquyc,17.855818793322413
id_058qup1czp,24.00243080483323
id_9xdm5pzodn,18.072697090515273
id_9xiabniu8d,14.278131355772498
id_e8ov3f0ec6,18.473950397507355
id_ztov1dasd7,16.53664212109053
id_u0dv0t4gc6,17.364075578027204
id_vaexseqp4z,14.889608973826011
id_5e4jtn2k5u,16.091528661044535
id_g1f5h70z60,17.81207492256496
id_ei0npa3d51,14.451047013353053
id_w73v97w9dd,21.493407949824665
id_d01h6zb0k7,18.576465302362383
id_hajvhq9a9k,23.03809359961655
id_wfej53asol,16.842143133662073
id_wkxp2kkhas,17.39157911400218
id_4nx3hdlk3f,18.196680992437795
id_tvruaym3ou,15.761983531424603
id_mdja9rpbvi,29.97679854552367
id_v3lg566peh,20.04972924714381
id_5a7one1voe,16.881939543066174
id_uzwhiiojkc,13.479203901839856
id_13zxbv2bo6,19.733035538649037
id_ex6nijku46,16.396595901158765
id_7dpkk65nit,17.700945940458876
id_g3bd1hun07,20.257088262916344
id_suwhca6van,10.743222219656577
id_nxc1tmyyss,14.432340541117165
id_eikgi2kr2q,14.658709851961497
id_n4o71g7yok,14.06262277771376
id_mpq671lkla,18.463978349332514
id_k8se7sutpt,16.893342409330657
id_i92idl2arl,13.715338690079507
id_5ingz959i0,15.92654253495265
id_bgw3i6wwpf,17.20887198425118
id_80ixty8tal,21.890552602158138
id_0a4e9fjk97,18.82900031910178
id_lbmmt6ea89,11.545223001167024
id_c3flrt1zuh,16.31819084328132
id_cvs2kktyxu,18.69171300434773
id_7mtozwwc20,18.73190531384934
id_dq086pe2mx,15.468832943987065
id_3oa251xapn,15.720877614786463
id_felfdwexf7,17.60258385435632
id_hxzxzh2uah,15.439598613147707
id_7e9nhjb559,17.508125094142528
id_yjzowwtt3y,21.009935416594143
id_kc77exs6rd,13.104594961247729
id_du9zmbgca2,15.642200334656428
id_j4jhp6ymgs,14.97190878163789
id_m5the81w7o,14.592273775604724
id_1s8k0qheno,17.52676013418879
id_b6q1wkhds2,11.409305636215947
id_cz225gdeoi,13.902755340120178
id_8lkvzskxdi,12.543560004804476
id_t301lndtpe,13.54874137343307
id_uzuzt5hcyv,13.515031830688745
id_6n47hvxwoz,19.942718010393907
id_294fhgybq2,15.231008202325215
id_pvdki2lfbt,19.854770478069206
id_5yosfti35o,12.735064946329027
id_tsf2ykay6m,12.45087315463937
id_pddkles1x0,17.041457738684656
id_ypzvugg3as,15.109402445136753
id_ol8i7nv30f,23.277419164311482
id_md132uwbf7,21.891665284734746
id_b2y24168l7,15.477251562019822
id_4yvwmu8cxe,18.759459409954665
id_tmy3b6ts38,15.281126992328002
id_cbq3vn3m3o,24.974181761710675
id_a8umfjb1ge,20.05618062282808
id_8oqx4hgwe7,21.276119976974307
id_y5f8v3s580,21.643817463932827
id_6kf89wa993,31.581611381129587
id_h7yzht6wq0,22.46557815193293
id_95brnbo0jo,32.12120643546452
id_4hb5judkxv,27.03367586342359
id_xun5oyhgjo,24.579351879866866
id_kckpnat31g,26.4228426702947
id_otccfrhvvi,42.45293703135993
id_jn6u5c5cjp,39.1771946413679
id_v933ue7kf5,26.942191524732042
id_mc2i376rld,45.06506456465364
id_9r05mz0idm,40.091405392005065
id_3wfdiqgoxw,16.837474510065455
id_c1n58uu252,35.66335881260052
id_7p5lepxj6a,46.27391354503261
id_lrkr587gkp,38.66125516341742
id_kvnb8ekvum,44.962907407919225
id_mqv32adp5x,42.976122702877355
id_20korskh6j,54.313722785063156
id_78f1la773c,54.27010503459361
id_9jtdzf7kcs,52.79303392989658
id_52juzapqcw,52.06828232433388
id_li4wcjkc21,43.33498738069518
id_bwle5dl0sg,29.73025537837852
id_7jqcpniwxn,50.36861282089458
id_5jbtohx3rn,51.51022646383348
id_odokt2hr7x,23.703988402799858
id_kw3winhwi7,26.756262297468407
id_jj9rbh612v,27.188187289463862
id_26j0qg7uea,19.756705779488975
id_ycnpcmmjh1,14.112124845196101
id_7vaqpmlhsv,17.268694303308944
id_c9cup5eoxe,27.16822625407147
id_rxl64ozpc8,15.99793271279185
id_wlrwnnkbc4,13.08293785468157
id_5v07yr6kc5,13.299788386194718
id_twzj5jj66k,18.87360832524111
id_72mxu4su0c,26.95638847365597
id_c25uc85sjo,18.634420480837168
id_ouv903vao3,18.89291876308355
id_zyln20zouy,25.23944972756115
id_gl5zw040r9,15.654936934507226
id_g8wutb862i,21.360731903863876
id_s8gpkg7qj6,14.614399377904327
id_rmsthvc1sd,13.595209317204764
id_ke99qjo5z4,13.922076376048617
id_77oq3gka82,10.204424613743363
id_d4rug7fs73,15.743718677749522
id_0q4rgwhh5j,15.65127435225251
id_6a84c2y7xm,14.16125839878264
id_6q6h59e1he,14.27514567384206
id_dv8a63xtc0,13.627436248108443
id_27ono5yevj,12.024964287764359
id_v2r3sg9n1j,12.001069946748347
id_3p8yrwj992,16.032652823889112
id_wk8q5ydpwc,11.82391181530752
id_xddq8x5dw6,17.615180735164845
id_sharv68cbo,11.814125115706293
id_98fux0thhz,13.694196405072042
id_ago3payk3b,3.4975245549986846
id_2bmny3x2l9,14.492811488289286
id_br2ieejs8c,9.726009265416677
id_weseav1xhv,6.831608969874557
id_qwf1i3cj7r,9.577849938588612
id_4fdnb4eyjk,13.643916804059726
id_khcy0c8nrh,10.258830644320769
id_kjsl8ka1vy,13.402896361195266
id_1s4emym39i,14.294722106330635
id_cfswxplen7,13.304166971439368
id_ri3sgqw5vk,12.011864444107484
id_w8xmcsup55,15.619892169306251
id_oskrymtnrz,7.940775748268115
id_a5nzunklam,13.487652907589455
id_okj6k5qcws,26.781659877102822
id_ja07tx0n94,11.03792900220299
id_1cu5omuey9,17.129696815235743
id_ph274c2i2p,18.40928088309893
id_sx300bfhv2,23.433656205439533
id_xlkeen4coj,22.069681010923276
id_bhdjsv4g5r,18.932434833200286
id_doxq14mqw3,30.81417717373504
id_fbog8w5ysl,27.46814137126292
id_nf1gsgtgns,19.609450622629275
id_10f0mij1yf,24.296494491490318
id_m5e0u3d68x,50.419446220966435
id_x6l5iwtgrd,39.75226147616605
id_eyx4q4fnev,23.12620342883535
id_4lfxjvfjkw,18.60084567024154
id_32u710vh61,32.96829214519651
id_zsw4618nnl,30.86971190347698
id_tzdmb15txs,17.969429400098793
id_6ngwi1vl1h,10.489306495308895
id_cqm8i6ol8g,12.499231220813188
id_l7eneup5t0,15.221438450864964
id_sfbjw9ec2z,14.206729736218866
id_j7jqrbwmi0,13.987863180655353
id_wwdzrwgr58,20.192106787805113
id_kk82r8fpuh,5.530802670690883
id_wat59la3q6,13.064423046892491
id_xhxsyxysbf,16.03629617057525
id_actuxo4gmq,14.221105655388735
id_6qitjn8c8r,19.31145206777974
id_jdquy1lxet,17.22421386827375
id_g5325vgzzt,12.513407146888232
id_c4zrpwzc4a,13.845989096304395
id_t5anmg4v7v,16.026395728367614
id_9af0ydgl1s,17.405995779454845
id_9wwxdbqekl,12.831142129955483
id_dtzemr8b33,22.972344747677756
id_qye7rb9bbu,22.044994564036053
id_1s38ze4v8w,19.07811705737124
id_1doz4c69ph,17.143523052940566
id_18tg20wg54,23.981974983766776
id_mf6s46v1uw,19.989355360239713
id_krkw3iqkf6,24.70605543785656
id_tcql7qm01y,11.391544968498865
id_czit7flk3p,15.302771694188555
id_67vafahcsb,15.397663763793195
id_ocawwzqkj7,24.2595497628423
id_6hwobiyszp,18.695743470462
id_3hit2vt54g,15.062634300845312
id_kxjx8xtw71,27.105441457995546
id_ujvrrf4kx0,20.618128320597574
id_p7m9x0qpi5,21.127782819546795
id_b2w6gxhazp,15.4447975858519
id_0glwf1vle0,13.247176309057329
id_h52hj66b1j,18.488226657231206
id_3ykb55avzl,13.135578373746016
id_4140yukx35,16.459143020479093
id_ejschtytb2,18.252542102037065
id_bt8l5o5bpc,17.387935471765235
id_01tyqteuzb,17.743055483394023
id_xxtlit8f06,17.315907115335808
id_neowy957qe,17.12434655314655
id_ld5ad63fk4,18.735594297275092
id_9wphwvxjbh,20.433155743522104
id_bjwf0gk35g,24.880901373256574
id_nk6t94cwcj,14.285340978237292
id_c00v9db3kd,19.83043461722939
id_qljfbbues6,13.067747465528857
id_8l8rdvtd4z,19.297974043855508
id_ucd95ihefb,17.956953423239213
id_1h25lc42la,15.754666433127031
id_7rkgygr8my,15.557389468133378
id_qrzcnk9cb7,13.692398369944208
id_3osclzuma1,17.49850899298714
id_j7yo6gfpr7,15.22100882762419
id_m8zu1vzawt,10.353328706667146
id_bjboh76f83,15.490224124778164
id_msmgdqfiqk,13.471810138263463
id_9d9nc0plgr,13.382599696473909
id_fnstzi3enk,15.951617204704716
id_3h9gnh7is5,12.932194463659453
id_ymoxc4wuvj,17.874599129992262
id_diweogvo4x,16.745669995273744
id_wl3mu9y4pt,12.85785338219581
id_cypiwo10y6,16.147379912522872
id_qh3anhhrlw,12.480497492497399
id_83z9c83r5i,11.764568193252723
id_s1phnl1iyl,15.661014478313366
id_uqoypd8y4s,13.180649633441803
id_e1c84vnzi4,9.722261722789694
id_duvrjwe7j4,9.733789917606424
id_cpaolr5w71,7.386568600190166
id_0gez5n5up3,7.934966359500458
id_4dxpvc7v0t,8.549891191857052
id_wy3b3kwp1u,7.838120925347026
id_kcz6mx2ftd,9.791138550937097
id_s2azjdfda4,10.454536914676524
id_7zq37bq2m9,10.047251410049524
id_80ps7kboqo,18.26539460720228
id_wdp8cocu50,21.09309938778269
id_gxnloqrtfy,5.588860941957993
id_98zx0ydmal,14.554510175304857
id_ikydapbjg4,4.837939684998004
id_x9csxregb4,11.561046608449479
id_x726sqebnc,10.34179882400048
id_embux96a8d,7.98088071141392
id_n3zi21eakt,10.655140245758206
id_cmzvbp4gp1,12.136128721724909
id_lh42zi0nvd,9.389431102426853
id_lq6ofubnzh,17.661277730227937
id_ak1gmocab7,16.109791932178986
id_j2qbzdu60r,9.232277665535657
id_4s7frhrx0s,14.568695412186146
id_swwnl6ehwx,12.192424727410586
id_0dzgrhmq0i,12.9736066020047
id_bblmv4qbuz,7.263613181226805
id_ns1udfi49f,13.427415304340565
id_3t4mu9h9h8,24.53342187352665
id_np2i3652hs,6.851299288488467
id_0m1hyk0i2t,16.734351505956887
id_47086vwi8b,13.58202159682094
id_w1v8rlefq7,21.795240217377735
id_p24h3f2r8x,18.910216122441938
id_dlxm63a09x,20.60966296875451
id_ri94vbx6vg,33.67406580653822
id_wi9j0eune9,25.8816878758343
id_0z2yz02gho,21.886592820522647
id_013dywijcw,24.511763055924938
id_whd8ue3507,52.757849425659
id_wmd6txw3qp,36.71486101529048
id_2uo9nruooa,24.069834462101433
id_cmezkcvthd,18.38711231544319
id_k00w57rr6l,29.023317675444183
id_rm817jen6a,29.07579082940877
id_l2wquc1lyf,9.529276029826772
id_f2ayymfg06,13.17828037372938
id_2xwro4u4ib,15.46081238981202
id_s4gcy5ldea,12.339032815703094
id_llxl5vedjd,12.918726271002834
id_ra9rzjf8cs,14.017213365438275
id_06it7wxay5,14.517372627000363
id_p358wai3ar,10.802157679134982
id_63q6x7rc50,20.071346707185413
id_yrqlregvfr,7.7723033004001145
id_6ey2mcbqfl,13.064423046892491
id_xz9gud04ug,15.56253665351345
id_upa56c1xqo,16.650477480944136
id_apci48cec9,18.77544012757574
id_ivaqozbhfz,24.902149851011576
id_5r9lkzxt5l,12.513407146888232
id_q9fyy5hlug,19.614149758849486
id_fia47n8arx,20.410052585243324
id_c8ytbvxreg,21.171229352731444
id_715d169b93,27.85903505303672
id_i41soezu3u,12.70119083138571
id_ghl9lkmkbc,14.676363126935373
id_jhwg78mhs2,17.701929902501774
id_mbp1opp105,25.373737385499403
id_tpecaex89x,17.76912918439774
id_gkqkcuvhn0,19.805388033406825
id_jl7cx8vnrz,19.34007075575624
id_z22ai1ufxc,27.967843985387464
id_cf9eqd8nio,20.618128320597574
id_4nvfqr7bwz,22.307054417526295
id_styx2evpu7,13.796555407134639
id_r4qfxsd6qk,15.201550379384557
id_6ula6jqx2d,23.234452313765452
id_ab11cvvhj1,20.444848741963952
id_lru4a7apze,21.500578563169856
id_1h8qiqvba3,16.470914359907674
id_jocn99q8x8,13.135578373746016
id_yqd8by9too,16.386265462942326
id_3vo780asu2,19.01493428979853
id_t8qspqxocv,10.008257941300641
id_fxt49fthrg,17.29026609394519
id_9hsvvxccfs,16.791670627471042
id_mdox4e1wm7,25.280031815645774
id_e0v37gnrdc,25.41647759876368
id_4higx88y8s,18.108120816016356
id_dzdczy4694,17.799391199436474
id_b9cls7es48,18.277638919574283
id_ii1b1vx3v6,22.584283775233747
id_qjkp2dhlfd,20.118011486205923
id_4tycdb5q0i,15.385098830008065
id_enssz42xj6,17.76918751250668
id_j2lnxkjgor,15.5098679626883
id_d1kz51qzme,19.47757616294745
id_93y706i4uo,20.11423960417474
id_uo33uxmu30,24.438810061199696
id_42uhyp7b1d,13.82778316532423
id_557lj2gncx,19.83043461722939
id_g646xm5v36,14.513106267799788
id_3u2zh5sctj,13.38933430364508
id_88m5txqfk0,17.19805000766901
id_636veo7myp,13.088316700459439
id_mw8i11x4p5,17.299229967092998
id_i01umxhgoi,13.371260757108349
id_7htzho5nfe,15.557389468133378
id_rqvyvvqjjo,17.199310228797877
id_3sw1g6ujkh,17.27112181973208
id_7koyjh6lyz,13.083584060560844
id_h33dmmxmxt,10.455360846231118
id_b4zqx3ey2e,16.505872180661168
id_rigbnum9jj,16.43186724799313
id_hwnk2tvpjh,14.586087556948353
id_3djm31ze2k,13.382599696473909
id_y1b1v2oco9,14.402275884554195
id_uiiqit3mio,15.276388727838508
id_qjv34s9tgs,12.932194463659453
id_mw1dkfs5o5,17.874599129992262
id_zgolsofwkv,14.426634731856668
id_gntve7cvte,13.488033756021956
id_mv1hwwypf2,15.974437505830887
id_66vowuru12,12.480497492497399
id_718x53xw5l,13.10656727442729
id_y5duq02fcq,15.054209025990305
id_nabflglwpr,13.595113201660938
id_m8gl9o5dbz,14.733444802279303
id_s0yzedmwy0,11.345305232965602
id_n4zpk50eng,9.441160201696896
id_bf0mqyujkg,15.364272420183953
id_db6l9ymytu,11.23106941667679
id_zzhsplt3ae,8.628572617957326
id_gxvybxvz61,8.546470599929576
id_2hrjgfgo5c,8.549891191857052
id_qnvbhvfvfh,8.0505067013591
id_f4j4e8toay,9.791138550937097
id_yh8x8izood,10.020709858827939
id_r9gbkhu2zs,10.382881629659119
id_hzuko4hsbs,11.264459645642246
id_4akcsf7v23,7.4560005864540235
id_y4a4bry0za,10.208240867136185
id_juefa18khg,12.18604140810858
id_8pg965n9uh,21.09309938778269
id_c1qncxdk14,7.74999454992923
id_fxdpjby57j,14.144976962137875
id_maxuuv6qwy,3.543617831688098
id_hqp1zmq2rl,11.561046608449479
id_7mmcd60iqp,9.795280675226314
id_5f3qz4huj9,7.98088071141392
id_m6vn47j4ge,9.083101476039
id_mkyjtq0uj7,13.568234882426184
id_dd1qog5gsu,9.949473767034126
id_yltiy4ct4b,14.166284198169004
id_l7g3rwiyu1,14.959695284305553
id_y0nex8ki95,10.465602051097557
id_trj4ropjy6,11.189697135565556
id_xkfnw0mcvh,12.192424727410586
id_j7zs6cpw42,12.9736066020047
id_o55nqbxkhg,7.462083202020919
id_l3neq81nk8,14.917170520586602
id_ft7ki0jjoc,26.296496066549317
id_1doie955wo,9.874090806974229
id_pap3jy3v7v,18.09888704084344
id_64zbc8ou3g,14.973629937064903
id_1ssvmd37d4,21.124751879291676
id_5i93sdabtx,22.069681010923276
id_5oej7jiuyx,18.932434833200286
id_es0jy27ww2,30.01085216619757
id_ze9u1sfrwl,25.440762078142754
id_3y84kki549,20.21150977503695
id_glm9sjal1a,22.227051768799654
id_kjp8dcqhsa,50.585020149508196
id_2s4n7u9qbe,39.75226147616605
id_57l2n9hbxk,25.138813473370664
id_0rmqw3hqow,18.156543405091046
id_uc46nrbgzu,29.023317675444183
id_zck6gqoy8o,28.073787090261956
id_kmohqwxbue,13.366836677072623
id_dswkvfgg96,13.030886318334861
id_72kefc7g3s,11.493022832252807
id_fsdqdwkhec,12.92561882092826
id_yaf7kh6asz,13.441278619836895
id_d3xd7t76g8,13.619338985114384
id_ekxnkkalys,18.09962220394321
id_foo1qhnhh4,11.970497836333166
id_4gaub27eaz,12.109014762723847
id_u8ysh8pwg1,11.82927455669819
id_zwxals7wca,13.96541120749151
id_qs4s1l5v79,9.82665298835022
id_k5fj3oay3x,14.44908554985825
id_3bwp89pu3m,10.891278344941725
id_e9eglkp5vv,9.911977059778561
id_t4qjrlzxns,20.72809135367679
id_kn8xo43og2,4.674443792611045
id_48859izqh3,13.808046552181551
id_9967xanbmk,13.01092934707469
id_eh3ys96anu,16.237519890901975
id_5bgqsh9x4k,19.726824529850713
id_jwouft46is,16.963626563052387
id_3ck9tvimgh,13.251428816365939
id_n6s7duali8,12.544711033488726
id_6kgl1almmg,18.16281496051352
id_gxefptsqvq,18.781551553434543
id_ygnr1sn381,19.139264056780934
id_v3y11kgwad,13.615129958199374
id_q2fgzp3xx3,13.370168035429993
id_s7k292eya7,17.313467673225365
id_jt2rysim4p,17.311221028141222
id_yn9vzuflej,29.505735672154003
id_362cko5nwx,10.11327730753164
id_d9dv3lr4k1,16.254277330176
id_10un4lyvek,14.153076066222116
id_z0j05634v8,17.446898059930355
id_txhxlogsxn,16.455508356864282
id_18c3488pxk,23.498510226105605
id_la1ypixght,17.715956532608136
id_t9njgxp6v6,23.417696513480635
id_b8yn1i9rx8,13.695186071336135
id_o2y4vg1agv,28.805362248889576
id_fvx3zhir92,23.44608956612695
id_nfj7rfs9a1,13.135578373746016
id_b9q3y3r7t3,17.037355028749847
id_yio3jfuvmy,19.01493428979853
id_54qfk101o1,9.720143308467145
id_vox6mwiloh,16.98172717640804
id_u1xceey131,16.878072376523285
id_dxpgh1o1t3,17.474440528548016
id_2ujws46vir,31.390753214779306
id_2n7hyhtkrb,22.79712301668749
id_4779bmeme0,17.799391199436474
id_b3eztfwajg,15.15910505129568
id_f33f3mdfla,15.96742409427472
id_xkpq6na5ee,17.023311333981994
id_3ihace1d7c,20.7755041009827
id_z6wylocn17,17.76918751250668
id_pm68i3c3wd,14.223709485328845
id_trjqjao4jd,12.585203610588241
id_1w15d7g4ge,19.662177408778575
id_3aici5cdi6,24.6627559763624
id_kbloxrog5z,14.491335001052244
id_ovmpiycff0,21.57698637680679
id_ly3xdcti5t,14.643719303019953
id_qb0ptrppyi,13.60913077785842
id_wxb5nd3qgd,14.557154447358387
id_1ry1ir7o6d,19.994073057483025
id_6wbo7y25e7,19.10411615490404
id_tse3bpfaes,12.619796030757435
id_9n988uuhtq,16.12518457558172
id_nzhdqdkc5b,20.25085383894334
id_4gabr5bciq,15.22620029633995
id_dc61oe5crn,7.7268761494541245
id_7lbdu1bryj,9.705358245682586
id_mhqk3070i7,16.505872180661168
id_thtyylis4v,13.82319636659525
id_5iiheoohcw,14.586087556948353
id_vjiqa7ykcq,11.232293230111308
id_638vs5aq61,13.125070609567294
id_6cjnt5825x,14.012424369682607
id_534km866kg,14.972444688605574
id_fzkvzetszz,15.26223321444412
id_uwuc9e0lop,14.787856741320162
id_ncfz0o03wc,11.691876361525749
id_1sd88o70w0,14.933662949530275
id_9q3xoxtkc5,12.622821457073393
id_9xf47hwalo,11.548076642637234
id_c9e6k7t8xv,18.315762550156595
id_60hy4zghxo,14.513275988471706
id_vcj2pr28k2,13.676029771889866
id_nik15zq29r,13.09401320970773
id_gbsfx2i90n,9.441160201696896
id_sm9wfzdrfb,12.205748361063534
id_wa0hhql9xd,8.019036424206925
id_xyicbz69wn,7.668628637268392
id_fzfp1gfiyc,8.316966479089784
id_6jd6rh3joo,8.549891191857052
id_hohuu1719a,6.380119070262873
id_45rgo61j3e,6.48090067663902
id_x29n2ig0by,8.828717000411695
id_6pqpt4bc2y,9.998547317968148
id_kix768jdnh,9.947195681053072
id_p4u0awuwyi,7.4560005864540235
id_5pkc8dc3pp,10.551704442088832
id_o8g3g3fyi1,11.37215168570856
id_gwi1towzf6,20.12948526955042
id_tl446ky5so,4.850813548559825
id_fv0k1xke9b,14.554510175304857
id_17qgwq8hor,-1.288341144657694
id_h169vb8h8d,11.495211720098654
id_vuv2g91m7z,10.823351296018549
id_o62drksqmp,13.288831138602513
id_uvitqz5bhf,8.957896270634665
id_x1v4xuet0h,18.232206488047517
id_jr4seoen2w,13.297645800517943
id_q1efjaqgq0,9.960623303853133
id_ji3o8np61b,13.514058636500499
id_vp8mci8xh0,13.136447831864098
id_x5f7i7wjcu,7.652168555091277
id_eej779rshs,17.936100329969005
id_l9g1xrh5vp,18.020142375413
id_9qz231bbzd,5.114464671665491
id_3jf3q7rnyi,14.917170520586602
id_y2oiminmvu,24.49166465038252
id_kj1d4jsmhg,9.874090806974229
id_b9dbh7l628,16.41976801057992
id_qkxd74j593,14.174298108749781
id_f9aer27ojz,16.444604557868193
id_v6ovtq73uh,12.487382394291215
id_dha8u73072,13.989899472769986
id_5cdrvce6lw,20.17841571951721
id_05y9wpsdwc,20.38394753982681
id_ty03p4f7jh,22.227051768799654
id_4rxcuqqsqp,41.98770647159549
id_x8pk6xpjba,36.71486101529048
id_rjgh33lh9s,25.057950526326888
id_07eag0levd,17.979145363398843
id_vxesong654,23.684679769313902
id_14j7bt588k,25.16537566363795
id_f63m71zrb3,10.914521007383327
id_o0xatx0hcr,13.246849888404354
id_96xc5f8bgh,13.331710336217812
id_0t0yv19f1q,13.010628868492484
id_dih5frts8q,14.676100722507256
id_trmmfm32qe,12.367236889592059
id_hu3sq815oq,15.452597014844107
id_cxfmqit9ap,11.16135118357416
id_7izfmpd326,17.495743074499188
id_qd0tkswd2a,12.906391638005546
id_otlb3hargz,13.332202511657346
id_st47fowvrj,11.056679197435209
id_4h4pdth392,12.297729182882808
id_g8trb7wy8n,12.14984970868904
id_1wx11gvom9,11.28392690069739
id_rvq5ol3w4x,10.715089415849425
id_7sttnrbjre,13.23426658468322
id_pip7eoyzmk,13.99416880343044
id_lb56ukrqt0,13.457386156962396
id_0hyearkq6o,11.493022832252807
id_mr6v3oygt6,12.805055806230413
id_yzbu3830gx,15.46081238981202
id_94p4j6yomt,14.08798560949111
id_53xsefo8ab,18.09962220394321
id_ymuv4r55o4,11.970497836333166
id_nqkiglgq9k,12.271222058058308
id_q6e19plrfx,11.82927455669819
id_poxowfpijt,13.96541120749151
id_qgt2oyneg3,9.82665298835022
id_kr9teempq0,14.04662482648188
id_q43rzgs3e5,11.730688337960892
id_uk0j14fgpq,10.802157679134982
id_h45ejiaqqh,20.72809135367679
id_u08b48hrcu,5.631051776735361
id_jdgiv3t50o,13.808046552181551
id_8h5gfrz1ja,14.810649799295655
id_mslk5ay6w0,15.55133052891833
id_y3hecd28lq,18.72194509922667
id_9cmmjowuen,18.018718373047275
id_3clagfxagj,12.513407146888232
id_8sttc3ns1m,10.762285940685524
id_uv4kyh58kt,18.37126499656561
id_zmu5hapnm7,18.781551553434543
id_ybt3e2qbt8,19.139264056780934
id_yvdig97vvd,13.615129958199374
id_wbsyjlsxkt,13.369969141566925
id_39gbv940fx,16.34965641824728
id_78sb1wtf1t,17.57712243447914
id_o191u62lgc,29.505735672154003
id_na0qbpl8m9,12.17661898263763
id_daa5h53t2o,16.254277330176
id_z1zg8tcsm5,15.964441676262775
id_dkvf88hlsn,19.313095187464448
id_qltsdtf4pb,20.122692400971435
id_rcnbilmlv3,23.614670793601224
id_rjcx3o5cyf,20.410052585243324
id_dcvlcfgert,23.417696513480635
id_jujywo4op0,14.97351745810427
id_dgbg639yj9,28.14829923287676
id_rifhty9d4h,17.357859727655306
id_4cz74rv8a0,22.9509613036752
id_rjuh3wooi0,12.155075448165862
id_26raoqfw3b,14.775756431669713
id_yleyy5sp4g,15.611014630989311
id_7lq42pqlpp,17.723312878689605
id_x2m1scwodc,25.51764944303078
id_fs6ppj71si,17.253289039984494
id_0kq8v62wnx,18.20125536154597
id_qrf9ul8pfd,22.91142354396813
id_7k9rf681ac,28.77497002702734
id_0urpsxojw7,20.74799695001855
id_oj7le10r8n,23.173719684036033
id_8w44b89inq,13.796555407134639
id_jooksgf7r5,14.257194855993317
id_zjwzzwzjvp,22.733014396369366
id_hit20lvy91,18.530817897648593
id_yjzrxrwvr1,21.304228923140645
id_ba1airy6ru,15.519986504980396
id_fatkzdj52m,13.135578373746016
id_h6j3ijc59m,16.63191437031129
id_r29rhi7ayb,19.01493428979853
id_n2328yoyny,9.720143308467145
id_2i3htqk8wu,17.29026609394519
id_y8t6iz10zy,16.570260460385434
id_j2xlsmt1az,20.50286851686403
id_zul4loljtn,25.82644723904649
id_5lfy1u1m5t,21.640323871970256
id_4r448lp054,17.799391199436474
id_ks3yurf69t,14.987658590196853
id_xlx05ev9ep,24.905734550815218
id_ybqhvfmvb4,19.22211559425853
id_osbg0v4o7k,18.055781326086
id_34amm2jgt1,17.76918751250668
id_651jn1ycqz,15.5098679626883
id_bjh20jwc0s,12.745222107032076
id_ev56qyrn6d,19.662177408778575
id_8zf79ts7q8,24.6627559763624
id_fsat380gb4,14.285340978237292
id_5y6h6w77t4,19.816842171824465
id_ux3m69xsv5,14.513106267799788
id_4y4b5x6oqs,14.463432474476507
id_4cmqu4avth,14.91517641973911
id_gd9bm0av1u,9.081226962352646
id_wkp093zyqi,19.42946564774441
id_ubo7o5c61g,12.75414933903944
id_da2q2o7k02,15.557389468133378
id_sfcmtklyr8,20.25085383894334
id_qon3ototf6,16.993268039355648
id_b1pwwzubs1,7.7268761494541245
id_idrbyq1iwo,10.455360846231118
id_eo5tner8f9,16.505872180661168
id_dsl16jenz6,14.376529671140515
id_v5frf00iux,14.586087556948353
id_tijwl63sul,13.324506899028284
id_4nertyfo2z,13.125070609567294
id_1h3y0ycsbh,13.987811779482831
id_5ew52k2xfs,14.392559953441808
id_c1hedne5tu,15.26223321444412
id_drxgi1b55w,15.5673513217616
id_b764z0tp5c,11.95020686987449
id_n3ksb769k6,14.933662949530275
id_jvruvalbrm,12.622821457073393
id_qv4ehj6p1w,13.390381753659335
id_jxdgurw8vk,18.315762550156595
id_2ymafuhxw9,15.615418186551576
id_xgqoe9srqb,14.571285263559437
id_swi6t9g6aj,13.09401320970773
id_ttjz1pj6fm,9.441160201696896
id_8xv38j3a4z,9.571545285009364
id_yrqtamezkd,9.111212808996587
id_dzmpo7xtkf,7.668628637268392
id_u98r20l7ih,8.316966479089784
id_15w4tm2lvc,8.549891191857052
id_f2rhz6xl9n,8.194418758890476
id_so3qn2op6b,6.48090067663902
id_j5evcz5irl,8.828717000411695
id_4hfhscd1n7,9.998547317968148
id_akaaqo1io1,9.947195681053072
id_677lexrm68,7.4560005864540235
id_4555ud3olu,10.61882031150112
id_b0q1fq9sgn,16.711622199475357
id_lbljktjgzg,4.116757580761282
id_ph7h4vs00p,15.673363967394218
id_8k0yeqq8re,-1.6201433297917642
id_0z3pcoyibd,12.486374606489138
id_riellbxfqz,10.309021213454413
id_22067fyb6o,13.288831138602513
id_fcxnbnpbtq,9.083101476039
id_058r7cipy5,16.399104291840313
id_58g26ly3b3,12.234084039046207
id_hfta2jdk0t,9.960623303853133
id_l0z16v7e6t,14.294722106330635
id_z696ot1p1u,13.136447831864098
id_ok22kq81e3,11.189697135565556
id_8c4sb9ee7u,15.417142341833118
id_j83bo3ks17,18.020142375413
id_8vcb1z1tah,6.651247066168589
id_cfy6d3jhx7,14.917170520586602
id_krv1ca6cfb,26.296496066549317
id_3d0miob1p5,9.874090806974229
id_iib9ayuluh,16.41976801057992
id_t5k9sx5xqf,14.812188000286515
id_zkw0mo1z9v,21.514904769526364
id_sjwqgvoa6l,14.199512680973891
id_vzxomw7xu0,13.989899472769986
id_ig9ksmea4f,30.6585070150582
id_p70jdvpgtu,25.990575455585212
id_m0gtw6nh7p,20.38394753982681
id_i0y6y5f0km,22.227051768799654
id_hyf3spl0wf,44.81381281287245
id_rshwplefjs,40.12035421568015
id_3b0x2a5kdq,25.057950526326888
id_7d9vzan37b,17.979145363398843
id_1ma4lggm82,29.023317675444183
id_pym8ooemqb,19.42285624924986
id_b0ww1vi7ut,14.466539165352684
id_43huts58gh,16.336951797870974
id_ivuzjmumge,19.692459759096877
id_643x1kcl8a,21.171229352731444
id_8c62htwyf0,9.342059539469833
id_gbcegwehwb,25.373737385499403
id_hx6qnu01o7,29.705638421401794
id_r69gk2kevv,20.618128320597574
id_rfr69eoy4e,21.234962237030782
id_p815xbtmh2,13.83401938098345
id_q4htbc3mv4,15.178709635360303
id_3qu1qg5an9,24.59733239020583
id_jxt2raj564,17.845745235532963
id_whkxth8443,13.908373951461108
id_r5h0grolrb,14.45581008370603
id_gqz444p0t4,13.38933430364508
id_cm6tbu9klf,18.343313729783816
id_6gaw1mpb98,16.020331311797765
id_mi6cveknqi,18.92387174668936
id_hrztm9t3ga,15.042250173620841
id_2f9mvhe5a3,19.4627602608636
id_yrz4dphzc1,14.139310510925034
id_zngjgoo2dk,16.414686971094863
id_pxwxzopg5w,12.932194463659453
id_c40jzd2xtz,14.426634731856668
id_h0w3y9kfum,14.10572625855579
id_78loal24ig,15.56723719685191
id_a6zbnq2jfl,13.253788867852922
id_dwojdf96vz,12.636854195231885
id_kh8t0u2ykn,7.944673080669529
id_ulncgfoozq,8.0505067013591
id_bhaumyn0jh,11.058465622827287
id_75yu6r1ix8,10.208240867136185
id_nvx1ah4m6e,17.789304957897674
id_4szygx4nu4,11.814125115706293
id_cfhk723676,14.144976962137875
id_rt31sygm68,3.4975245549986846
id_dwxwdulu8v,11.561046608449479
id_dclo8jsxow,11.475281031760046
id_u0imoqh2c1,6.717789348990444
id_a4d6g1lekm,9.05486054953334
id_cwv9ah2kuk,13.568234882426184
id_1583r9rcn9,10.258830644320769
id_55v93496t3,14.166284198169004
id_p6iewno0go,13.837641127077227
id_a3wluzck8n,10.14820119066687
id_tg3rfg73mm,11.164477514768425
id_haijdo7a8j,12.422549239369975
id_aukksta5ut,12.9736066020047
id_vwfdch92yw,7.543662022233214
id_vr9rjzdio6,13.427415304340565
id_hq9rjuwiqd,26.296496066549317
id_plkyx8w8df,9.330397042132155
id_mps4kqn7xr,16.58904711764708
id_ohn2jvlaqc,15.808334247284805
id_r2vvygjx7z,22.841880878238353
id_8ythlcs4u6,22.069681010923276
id_wgho99po2u,18.932434833200286
id_y9o3zgw71a,30.81417717373504
id_5lp79xg2n0,25.187962440860463
id_vni712633p,21.624947060387722
id_j2425ljqo0,22.111101549562342
id_01j3m051aq,51.997592257013515
id_r0n1tbsc8k,37.96228839474132
id_y7ffq95y6e,23.45331775875942
id_hajr115naf,18.845519366593237
id_vvmmry71u1,29.26686826703136
id_vp5euuu0a3,30.86971190347698
id_cu85lbcwzc,13.23426658468322
id_p83lwl7p4d,8.804265144063008
id_xnvv8228h2,13.15876199917497
id_t8sup9cci8,12.056305056473539
id_ryshnzfv4d,14.149889590465168
id_h8xe0d6wnr,13.125867455427644
id_y3i49rn3cl,13.286070823468425
id_q2e9lqyx5a,14.017445162064124
id_rxs1idu9rd,11.599627262175387
id_4oegd66w25,11.530050669867206
id_bb5wq93x8f,13.090970089695977
id_52ecm6umwm,13.96541120749151
id_8dwwuytb5v,10.1637120793236
id_zzjc7k91lz,12.046047728532631
id_13zklidhjm,11.362971431469841
id_3987oyytgm,13.617033988008046
id_vrhp90mg8w,20.72809135367679
id_qxd7crl1kv,7.7723033004001145
id_c3yqmpgirm,12.631943976361088
id_m04u0g3jmm,13.925423109713204
id_oh231618a0,14.739123768726264
id_mq7wn4kpnq,18.809804898329578
id_1s9kt1d46m,19.532923837601544
id_o2jovbwixk,13.239632858292888
id_lbks4puqps,12.226860987315243
id_s12qsk2fm3,17.80513715527219
id_oy724ak7cq,19.40872967103036
id_g27rgw6pl8,19.139264056780934
id_uvlutbrlhh,13.615129958199374
id_uejyos5gh3,11.945629420615406
id_9hys0algtd,18.91939559953213
id_ga16h299c7,15.865570261756313
id_gxrrg3cnlc,29.505735672154003
id_7mz1vu7g4g,12.815855060815979
id_g2fmh836nu,15.476285216341417
id_yxk6h4ayeh,17.727636630216857
id_unsewqvn1a,18.1253348208872
id_1e0dh5jqvo,16.815835013693633
id_ieyz0z6h0w,21.730571838814324
id_t72jq7wg7f,21.1156946579934
id_h18rx6y3e9,23.569447549827345
id_70v67oh9n6,17.829627882400704
id_jmw9nldr1w,22.114698696691306
id_484spy9w6i,19.22138014425704
id_g65c62aekm,23.08556004823117
id_wv3teofdra,12.155075448165862
id_inx7pj1zao,14.539662252675209
id_ny05t5mh1p,13.993087572623432
id_u5tjmpvirk,19.49703977386254
id_svoeh6do9g,25.052249123228595
id_m25fiokemr,17.253289039984494
id_ot5b3e3mun,19.51810490802446
id_ssjjy0d17f,18.751884324588463
id_yru4k5km7g,28.502218792951076
id_gr9x49t37w,21.586491048729265
id_dmyl2a0wte,13.796555407134639
id_hc5646p82r,14.5715632387365
id_elm57z8vqj,26.658878228268346
id_u0fstcz8di,19.38398940874259
id_qttfy8k8h4,19.843338440875925
id_o3axo0etr3,15.570030170454418
id_2q9jp9vnu1,12.974918020384413
id_q6ms0le9xj,16.865642187275206
id_f93eoya8id,18.751941630631215
id_hueq8wmyii,13.849813016531208
id_lf0lyj77n1,17.33267875024471
id_luf77c9for,16.198747970335898
id_d0ssfcbe7n,25.887197090699527
id_qec98cuhd9,23.69374394389534
id_kj1jee85qf,21.640323871970256
id_tegcy3ymge,17.799391199436474
id_qtt1ub0cqr,18.277638919574283
id_f0n6fd1fzf,23.25521900666976
id_h1ar66egyc,19.155610308417742
id_81jnrshsul,20.7755041009827
id_jcg12akmp5,17.76918751250668
id_aq2pxbmh6f,15.273058034719343
id_e0qqf76fzh,13.538061746382763
id_wg4g9os7j0,21.663180185584288
id_3oodaxb9y5,25.20118461326491
id_kbmagd8awo,17.07151797416359
id_j9h3i8oh4m,20.234036136837137
id_hasyime9kt,13.540552308184775
id_sp1rci8n6i,14.216101842735162
id_pyl3gv21d1,17.911206352301317
id_qal583nrjb,12.858150234780227
id_0jahn21yg4,16.385063863390858
id_cdgc01qbv0,13.922076376048617
id_i6rcrq03t3,16.06586458837304
id_8u55jf04b4,20.25085383894334
id_m6pipj4ki2,16.498399030618213
id_gy8s836zbx,20.197758448258078
id_0uh4v68wol,9.705358245682586
id_7fcx2np47p,16.505872180661168
id_6wr20e0qhu,15.102302570619614
id_tof6i4dxr8,13.669067925427216
id_k9y121i3q6,16.163483448607977
id_ufnloy0p6l,15.333596859127022
id_bmbz4ag2h4,13.987811779482831
id_66fiqi3hb7,15.307260097462168
id_ao488ekn63,15.825264729597276
id_qa08032ux2,13.216012488170275
id_dksj4loxk5,14.21435258143453
id_xcnbk7we8b,13.887641007654718
id_d01xs14b12,12.038826299806626
id_gtbikppc9b,13.324981584279044
id_vexdtontsk,18.489074929383847
id_i2u4lru5pj,16.252322222401926
id_jd4dzel6u7,14.743135535993
id_lpa9r07z8b,12.556171137437712
id_51jaijw22u,9.441160201696896
id_banl3q7xba,8.94407075981651
id_vutwngujan,11.023637458691546
id_8ymb5tnc39,8.859111412115546
id_5o92himecd,9.545542965651778
id_j65gxna4nx,9.401505067414604
id_ox2wsaw3ia,8.0505067013591
id_k2707sckem,7.8299487545147715
id_mpj0lnxacc,9.57718400600802
id_xp21rc9wlj,10.311433684776494
id_95qlrnfn3m,7.4560005864540235
id_jjc390qqbh,10.40626418733085
id_5q6ntj5feu,13.738750881778689
id_ulrzxc6or4,17.205149388482628
id_wyvwl4bqdu,10.34850744996746
id_f5b42pbalh,15.38664133943844
id_3piuxvnarz,5.9681235153869485
id_ujdq27dnuy,12.486374606489138
id_o3842mf5fv,10.096195675707298
id_vt4p2wegs4,7.941201852304945
id_z4g1p19t95,9.059341961107345
id_bhmbzfmckd,18.537107228851568
id_lx1nwyvve4,13.998603096485708
id_4nsm6zzd4h,9.886019540337053
id_9jra8eod1e,14.959695284305553
id_qbc2s39kpt,10.980522949894487
id_hwtnn2m6nj,11.164477514768425
id_xmn0zn0jvp,15.384274194625199
id_5022yedndd,14.989758890761957
id_wdxog5yev9,7.166154080414556
id_aokky0eeqq,11.37833012179953
id_1929ukjz7m,24.097300303509385
id_6ezdibfpl6,9.874090806974229
id_muark7nz6q,14.32982167788498
id_l6s3otmx1p,17.831068672095313
id_evzd01c14s,17.997067759990532
id_h40j4g6lko,13.423505881825976
id_kn6e9u36j4,18.932434833200286
id_8j6zj2o5v3,27.47873483401557
id_mdql0oe5vo,25.73777581830292
id_0ejmzowt7c,23.56980316123126
id_l7koi9bqvu,28.189877851798705
id_zq9peruavc,48.40845992562611
id_w9vfge8zvy,39.75226147616605
id_m1u3t8z35l,25.539947138558365
id_2akds1jali,20.225540409420205
id_wejvfo8xac,25.562094343408507
id_wdhrtx9pfs,19.063105389509612
id_ss8ixmpjdu,12.409964253734337
id_8v78f3tzgd,20.053251262435158
id_1mnkwpnpkp,13.256101353840023
id_jxl5nffktz,14.286250410993143
id_k4hums63fu,16.780973889528262
id_cb40n09vwf,20.76876833610218
id_ojvdj9l7ir,13.05138520764017
id_8xzd5q9b2n,25.70347213214395
id_a2oil7cfw8,16.050678682177438
id_3eb707sqy9,11.196584397756885
id_fqpoallv5t,18.08555968581295
id_a0lghu0yk4,17.843790852982977
id_2s5h4jyu48,22.2009651480079
id_tfr1w48698,32.07759959900657
id_jw7cwte35h,18.650284054470582
id_4myw2ppn88,13.994965480728135
id_nu2j6ezn8a,14.443804411038796
id_1pi7rar7w0,17.730851023678078
id_lp1eem68uu,17.87335465021115
id_i59r7imuxn,16.398953244470338
id_jfhvjfzvfa,17.897390483658764
id_co08yelk6i,15.135772810211453
id_ozh35h3nct,16.41384231729154
id_cf9woqagxi,17.41716398467498
id_4pbhg788eu,14.479579050734014
id_xqnx58hv20,26.388297093636893
id_g7e6fyre5k,17.54480418592807
id_i5kwutfr3y,16.061099612683677
id_xl68jb742r,19.64453075111328
id_dcvf785h1y,18.482300059053877
id_n38vpdzrl5,13.373550837816234
id_8520840u02,14.956759752516493
id_27mp59yu1m,14.475924599822962
id_053nn3pbfz,14.105204803745238
id_1hkqlxmn2v,19.66543927398223
id_h8b77jfadh,18.423180127504676
id_ohfvgfke8w,14.320139317257997
id_i89aiadf4j,21.2680586020342
id_dczobb4ttq,13.871525169004137
id_xu9ib17loe,23.26234627987299
id_i9njn3noh7,17.169036899992474
id_90v0etup0d,15.789569975248206
id_9p6b0j3eu6,15.466927131070609
id_xbtp6hvq7f,18.74755340255426
id_4p48d96fhm,14.688406986589204
id_34ll84rx9f,17.18666423555106
id_xvk1eas2cj,19.505384855136793
id_u3byzh8on6,13.979617315151321
id_9mmhnd07no,15.110630014576454
id_tf59fmc5uk,15.932504232619833
id_eu8lfqr566,22.298169280136225
id_quspwoer1c,18.38893250493245
id_1udgdtpt4j,19.3962187613889
id_mp1wgahaac,16.321414386700614
id_ah05rwmnc0,13.541538047261673
id_99pzz5yuak,16.112460282473947
id_sts4gl2h3h,11.553857350294445
id_wkw4zd0vo6,15.285535391712818
id_42mzemmqf8,14.422611305623393
id_pfup6tmwcc,27.97836735336903
id_g57cpderdh,57.061744406708804
id_snv67pqv74,24.561427972021402
id_9htd0dd4o4,16.01632548399762
id_wvy11x9u8t,16.579582723398627
id_biytotjie2,21.163062086442853
id_xtb5hfw6bd,21.40793065827586
id_65l5hak91b,15.510420298033493
id_16p4qjzi91,24.162843515092465
id_fa6j0h18yu,16.28097599929412
id_0hpi956wos,17.303853260013742
id_6llaal44lz,25.747259950852794
id_bg7586se6s,22.925126416629286
id_dr24ka6xxv,36.606391984832186
id_zova02slaz,18.301589867796796
id_4aa970r08o,36.70377042530641
id_5v2k81ndi3,24.67609547159183
id_w0w2t7llmy,27.79661352575555
id_3v0pkvcpfh,22.374519274990107
id_5jyp9jh31b,28.997173534349265
id_s851gktvnq,29.98448182323347
id_0c31rjprf8,24.10476889452054
id_iclf8934dw,32.425719278668986
id_i0kzmw9707,30.14248062163752
id_mh8gne9yti,42.570684643524764
id_ztrwp444jx,35.98479286650285
id_7pzbvg9uxi,29.98775420621632
id_zyh4qgghaw,41.927918696511504
id_tirnjget2u,44.21943777192317
id_f89ptvm1ms,62.00915697614045
id_s5dy4d934y,41.06902101201395
id_0h4f1xrjyj,56.59716241486178
id_rbat046yjy,32.33540805085341
id_6o66xnm1yu,72.23622483034353
id_lv893wwhs3,57.57970806404394
id_t6381wgsi2,48.83456992339798
id_sgt84ewftt,60.58643138141898
id_hbt3rrighm,64.87388308558131
id_gmsjw4fd0u,77.04341790087257
id_rfko1do0hk,8.855346033381766
id_zbl8jgb2uw,12.271912176879479
id_1syuqnv0zf,11.891940503767033
id_505znfwne9,11.178863547830465
id_64xsijlwga,14.185387324243008
id_np7zxu024l,17.309755637380654
id_72gfwpdc4j,16.94465460809325
id_0cmp4g2ubt,15.676916625970172
id_e6wx5c307f,14.812967435511075
id_05luzgibct,12.475865886903124
id_13vd6nfqlg,13.60703629210986
id_dk3pcbei6n,11.062949145231261
id_b98ce0qkq8,20.455049893832456
id_dul45idm6l,13.583539012655063
id_t0xjo4dade,25.261380820087073
id_nk6tuv7y71,14.14405759118488
id_eg12ovcwpw,11.51687721837879
id_hlwwfh3qu7,13.226763846561195
id_kkhhupasf0,15.936200887546878
id_gnh3lx8tp0,22.545028342865507
id_k9sufsvlha,15.821733281876567
id_ars5keh0vw,17.976266506084844
id_r3gn7hnst8,26.359292567186728
id_asxb2wtleg,15.760134157854985
id_zbfwtwc0o0,19.981619081790914
id_y25nozzr46,22.476550319835308
id_hvslvvau3s,15.478528184921473
id_ow5f3qjobm,15.30962103901759
id_afzc6ul1wy,16.862239023514967
id_xk9bv6spi8,17.381664863512878
id_cd4wv6i21d,26.25563568691868
id_lhe7t7ml8n,15.407447614093138
id_atxrpetdw3,17.67894853301288
id_0aj1mxix9q,12.734871278698698
id_no5yjlcm3g,16.721570150398506
id_bjvx3ng7q9,14.467448776625405
id_uvoli7jkk3,20.117096527394956
id_8le9qqlixz,26.557685479008637
id_a3jcz7fc27,19.89155959068837
id_793ke4x5e5,18.394846288136264
id_loljxr0mo6,21.497263433345147
id_0v8evpy2qs,22.05564878794143
id_0bmqcvks9i,20.807941800437128
id_ug9e8wl8h0,18.329458963700272
id_aonmnfwfqw,21.195937890292363
id_9h7w4b7oww,15.310034210600932
id_6gxul944md,20.553168594630034
id_8y3pcwqv5b,17.5306163337328
id_6gvnwx27b9,18.672078028155262
id_w0zxvghizq,13.64847001152795
id_wmscdo85fe,15.86080304410944
id_xrbsdkk2c4,16.92496628946398
id_pcqx5u6le6,21.553580470931983
id_6smk5au66q,19.38660589971984
id_xmzhq3a015,15.02176422248524
id_ueml1oc6xg,22.528367906577696
id_tycn46bdt5,16.189982447581293
id_uhm4o38ksa,19.808967526651248
id_zz4zc4dfvr,16.7575208904574
id_3dps54vf0f,19.81274345357772
id_hp0ejuyv3t,17.52206460083593
id_qod41j7e0e,14.218190031819915
id_4s4s9ljllh,26.8307870780823
id_8vmswwvy31,23.302934056302544
id_hgbeyzbqa9,17.833078137912945
id_9eazgq4i93,13.357666313387341
id_15tfvndhja,18.700346651667374
id_akw3lvhlr6,13.127002476319326
id_pdrnzevlv5,14.779065814959766
id_k786vuzcmw,21.458722592246485
id_ii36qck65t,16.418481198916346
id_luo9wejxo5,15.993670443435565
id_dv7y922sze,12.955437699451265
id_zcs5e5jjv3,16.074970894452676
id_nl1ahmmrsk,22.036650863513795
id_n2j1w4zr7n,13.028891130450734
id_edhr3ruhca,14.253621922139645
id_gqpsd6uict,15.776488356602583
id_qowgzlfn74,13.788960022455349
id_qs2l2xtdjm,18.634079936318848
id_4lrdvrygkh,17.321908703693314
id_auybt6kold,11.096971023631943
id_ufe7g778jt,15.35285702904689
id_7324fwd9hf,18.66881902562571
id_sn73v8vz1i,19.736507770311505
id_ojcp5cpvj0,15.54815026962818
id_op1s93i84z,15.022596287451153
id_io2lx9odns,17.492447757619896
id_06zbl7jtc1,22.48140361844624
id_1ttiqk66yv,12.135956847320346
id_4pt0caxqat,13.571353520334979
id_ws58vo2yzn,16.997515588810224
id_tce3ozp394,18.701612970521765
id_q7t9b05o1s,15.424902439058013
id_awrm3qdtbv,12.359228995132577
id_la85j0outl,24.924997933562405
id_i6yqhfapf6,12.623488962538431
id_snwy8kzkae,17.72671502232265
id_6v79axy48w,15.94078970866308
id_4t3anhqio5,17.660834084516875
id_q74mccdm81,14.439057005109152
id_ikn6e0mpzz,16.87751610917269
id_v8txb18kd0,14.432856301759104
id_audlh8gjcf,14.538887483041583
id_zfs5kudqv5,15.768792381558287
id_rz81mldmne,14.861401458041957
id_h4oa84i9r6,16.968555897144228
id_htkc980daf,29.78961610056357
id_66wzrdbk8j,21.555137905319842
id_p8oxssnqa5,18.08439638179245
id_thd2r3g438,20.74568382721958
id_8ac2fo3bzi,12.228838188347494
id_9ukm2znbos,17.181412561620142
id_vq9e0a0452,19.840222739088315
id_8ao6r0by2m,20.18731432153332
id_hgrtbz1nsy,29.892162259302836
id_7dyx4tphmb,31.49780569670474
id_int2pnz27d,22.710998589300587
id_1gi9fmazsp,26.78925279799855
id_5dhzpnfsc8,27.885937630715084
id_olg30s5x5y,26.862053400691178
id_t5523jtnh4,25.389074769812822
id_vqcahchrt6,44.45084954975455
id_fk1sa9hbwa,35.531248273100346
id_ok160agwht,27.62480528333623
id_xu17k53yq5,41.55509096700317
id_xmzcqauw3k,37.92859559411536
id_aour5rgxfv,18.02426077075875
id_nujzd9pafg,42.07883592341369
id_icrv4paofp,42.20492852624283
id_9yatzebc2c,40.178971993986956
id_gtjn6hxle0,39.441484671392324
id_m6f7hnj4t0,43.259190056592644
id_1v1fi85h14,51.67449159650906
id_7sp5685ieu,44.247569408026834
id_liqr0uwqrd,51.22116069965687
id_03lwil97qb,54.222284309164344
id_b3j3fd3rmh,13.512323247728576
id_sifhxybxky,10.454538371667422
id_hz8r2su7q1,10.91385310708006
id_idsihhjz6g,15.46081238981202
id_o866qvk74p,16.860826336866126
id_0u1n7gtyxp,13.160928513565006
id_lyrsajp3xp,14.758055071069142
id_bzccsloevv,14.017213365438275
id_9c9z014n0r,14.517372627000363
id_0che20octp,10.802157679134982
id_8lyeumoumq,7.7723033004001145
id_9wiy3lc33n,13.419527988835364
id_9a78zekrny,14.466539165352684
id_59yb1kfkkt,16.25057214146881
id_5qugn6f0n4,18.77544012757574
id_ch556d7iza,24.902149851011576
id_yljh4w9iu6,13.239632858292888
id_cngpsdvk41,13.539578327764891
id_cpc394pksr,17.36814436414405
id_9e8yludv11,18.734999186433573
id_wmvjf8lqx7,11.30738325758688
id_fxa58eejly,17.315586827161397
id_lrnh9ds8zh,13.993087572623432
id_14c1s7ewjb,19.11853933788079
id_8h35d7as03,25.373737385499403
id_pirch232ad,14.855246870545578
id_l2k4cwt2y4,19.805388033406825
id_bv77jcdr0q,18.865704251947662
id_fdqc1chspp,20.618128320597574
id_62ln78y7zw,21.886249164653552
id_r6uupiy606,13.08293785468157
id_pkr851vgsb,13.299788386194718
id_5dt20d24kt,23.35441354705733
id_14iduc4f9l,16.66601617369796
id_s0oyk7nplc,21.200653341278535
id_ohoxj2ghjr,20.61728848043839
id_lx42qav5js,13.38933430364508
id_7y4q699t9l,14.003985266079964
id_dp3acipvh6,16.06586458837304
id_t5pefcc5b8,16.414686971094863
id_lpt30pg4he,15.847150754525037
id_3t6sgybjdl,13.812814904665602
id_9n0a6kx46d,14.10572625855579
id_slvqhia6kd,14.629805482577808
id_8ulyzkbx2b,12.059957487470122
id_jo0fplisra,13.157469458542696
id_dy11ridu3w,12.597143535285596
id_3qf6thp1zq,16.032652823889112
id_irq21mxj78,10.208240867136185
id_w2cuumaw3w,21.09309938778269
id_nwr2vpkoe7,11.814125115706293
id_u3ih52igtc,3.956683934992729
id_o1esa8wsif,11.561046608449479
id_gwxneemm8m,10.587014615855706
id_mktr6ix79w,9.083101476039
id_2ptvfeal81,13.643916804059726
id_elkdukvihq,10.258830644320769
id_qwk4cugilm,13.159650405203278
id_1oz3u6pwhi,14.959695284305553
id_y0xvef09vq,12.30412607263648
id_23gmc7gsmv,11.242487516077661
id_r0m6c354qj,12.159556580202665
id_r0sqad4l78,11.529389948556204
id_ghdqd5jsd3,6.769040354379655
id_x8bwqtepbs,11.740449328378498
id_ya5dvzycq5,26.781659877102822
id_9wue1vw0je,9.330397042132155
id_cv0ocjo7yc,17.2373915207818
id_tembu3gfxi,16.713938254654007
id_jtuteue33p,21.01917297885021
id_lzg90mlb1v,22.069681010923276
id_z5sz4wfbb3,18.932434833200286
id_po61337o0p,30.81417717373504
id_u3ds0qs0ja,25.187962440860463
id_ux2weabz73,20.00079927531595
id_8ew9nnhjzb,28.189877851798705
id_lpk5vf71ew,52.159836889610574
id_haz6ywphnk,37.96228839474132
id_7r1kfjjh14,24.36733748416736
id_663tkhfuc6,20.20506940279752
id_z9c1h7fnjj,29.26686826703136
id_9dx037ij0q,30.86971190347698
id_f67k2oy6ky,55.44842826998515
id_cphmkwhhm1,47.14018464671015
id_jhqjrinix0,57.02108133923737
id_n5se9alz2t,33.878327221792475
id_lcbe5mxkum,17.054726385637146
id_4fe6r13wal,27.337895743937416
id_ijzj8r2su1,16.64589769260482
id_msz2inba0v,27.719519042591422
id_qd11jjsx2b,24.8705594736237
id_b47e89k3ve,24.188054825185187
id_7mb9t9x9tu,38.748039697242916
id_mvbhi84jmq,36.200324111126385
id_3yqqem9nei,13.326019297891175
id_ivvauoj9x9,23.668518146695067
id_3jy613lg44,23.432283119178386
id_m91x6rqccu,27.135496454589354
id_8q076jp0mr,13.317904320894623
id_4zcmj012is,29.858745707768826
id_kpjiqdh6zr,14.475652586258224
id_dfajl055xn,22.066733925626533
id_frm2rh8uv4,14.933729885844226
id_yo72un0uym,22.730350879355388
id_wa7g7cyrfb,16.01632548399762
id_c0600luvkg,16.541818931782053
id_55u72g0c0l,21.163062086442853
id_efc4gex2lq,21.40793065827586
id_cdwfcwcj48,14.355598446855952
id_yc1gty3xqz,27.488369051521815
id_867am351jy,16.28097599929412
id_sf4b9w2jdc,17.303853260013742
id_vsa8h55f8i,25.476597751676866
id_ovpfocbku2,22.925126416629286
id_xbgzqf0szs,36.606391984832186
id_15v5x12fo2,18.379222356935486
id_gxgs0b70cv,36.072446579145236
id_g13m7fp2dp,34.00469587360147
id_cav3ox8jtj,25.930046639328403
id_vhu174dncs,19.629079713181167
id_o6tcsfwljz,28.997173534349265
id_98jqgum8n2,40.37393785091
id_m9og9r3r2y,24.10476889452054
id_abn9ddpwtj,32.425719278668986
id_4zxljdntpc,30.14248062163752
id_y6howqrmjh,48.95241735761771
id_5ke4foxu8k,34.21906327343794
id_hjqgkm27l3,29.468911785557804
id_f5i3m6wxqj,28.082213996598103
id_j8hsu09w89,44.08530380603074
id_czurwxut83,58.7523080326103
id_prz1am7w85,41.06902101201395
id_8bkmhgqh7f,56.51915284159382
id_yz3ljcsheb,32.33540805085341
id_ss72nbk35w,71.96707464944882
id_gix31lwz9r,57.57970806404394
id_n5jqluy02q,50.41830335250911
id_vsz8smmdv3,60.58643138141898
id_hg0e7skz0t,64.87388308558131
id_esawyovxf1,77.04341790087257
id_hc62abtu6k,13.01092934707469
id_r8r0rkheji,16.237519890901975
id_xlindtdnz2,12.544711033488726
id_lnjrpbezhk,14.318454242836387
id_mgtu4ilbfd,19.22138014425704
id_5xqaypkkvs,23.27734274432591
id_w3so8j4bv7,12.155075448165862
id_7w1zp8cjcn,14.539662252675209
id_67uys7wrv4,15.231001182511443
id_r17gddig0j,17.723312878689605
id_e3vuqck2h6,18.582211201785423
id_fhszavu8ax,14.357785997705331
id_luamixbkgq,29.978389655478058
id_kqm2f56xwc,21.32450046799364
id_zyxetqm6wu,24.403106876543884
id_dz8pj6oclh,14.351672694957005
id_adeyv5o4f7,12.641135725733998
id_fz6qqj1h1a,22.733014396369366
id_n87wj2ambh,18.530817897648593
id_f70k3emlx3,19.843338440875925
id_vgoievdbtz,14.961512912206869
id_zh20dby41t,16.63191437031129
id_8bvi6lu9pe,9.720143308467145
id_q160zgg9me,16.98172717640804
id_4626is4jb1,16.055958670492124
id_yb12y6lzfu,27.334669427892404
id_q28sbilqoc,20.500431344064157
id_tum04j3i0k,15.15910505129568
id_rmvr6nrclw,15.96742409427472
id_htvqxawa72,14.223709485328845
id_fz1uc4v5j0,19.662177408778575
id_7b5p3b0df6,24.6627559763624
id_2g79ep4pkj,14.491335001052244
id_iqortjdma0,21.57698637680679
id_le8f4g0pzu,14.643719303019953
id_ekpzp4t5c4,13.886371361052523
id_gesmljsvjr,14.91517641973911
id_psei1suku6,19.994073057483025
id_hqwm0196vz,19.10411615490404
id_69rxifzt35,12.619796030757435
id_4o96zxaznr,16.12518457558172
id_3wrfo6380m,20.25085383894334
id_1fty7ttimn,17.045474511460995
id_c57ji3ham6,8.245208010990185
id_wvw6k6vp72,14.586087556948353
id_0p1s7vp852,11.232293230111308
id_b52rchktoy,13.125070609567294
id_xgf7g7nfe7,13.987811779482831
id_sm7nxaxevr,14.972444688605574
id_pyl58w1gtb,14.787856741320162
id_nqbx4rommx,11.691876361525749
id_19wzlmlzng,11.548076642637234
id_z1hdqiwyma,18.315762550156595
id_5mgd2i895h,17.003606820729775
id_60a72t2cay,13.38043947355477
id_a66evs0aqw,13.375377109735128
id_iuiyr65rvv,9.441160201696896
id_eaknqbzf77,7.668628637268392
id_stb9gc066l,8.549891191857052
id_qaykme2vjm,6.380119070262873
id_dt2xwaz5io,8.828717000411695
id_733wbi020k,10.551704442088832
id_m1jmaidc1m,11.37215168570856
id_iq7tgns55s,20.12948526955042
id_fyy6i6j06h,4.850813548559825
id_anv4htdeo8,13.938698010241591
id_f1xdbych81,-1.288341144657694
id_vjajvq9znt,11.495211720098654
id_sqcw91cgln,10.115085628444314
id_w0kn8lsfm6,13.288831138602513
id_d0y2cmg99p,8.957896270634665
id_c0lde7ws35,17.22919920478146
id_nkpuzearf0,13.297645800517943
id_dny7wqpwsi,9.960623303853133
id_mut5ylxif1,14.316926424344347
id_6v6apoias7,13.136447831864098
id_aanbewd75e,7.652168555091277
id_g3wrkoouk4,17.936100329969005
id_nwndwrpf8o,18.020142375413
id_21ug002h0q,7.669950991018789
id_pd01tyg62p,14.917170520586602
id_wcb0ckggc7,23.6491776033618
id_3xfe9y6qy2,9.874090806974229
id_sg7nyshurw,16.41976801057992
id_fl01fpudeo,14.530188370424227
id_oz6t207lje,16.444604557868193
id_yq2em36nu1,12.91398574167564
id_fe0mlkkqtt,14.186491446998472
id_1lzokw7hi1,20.17841571951721
id_1pgeidv7p1,25.990575455585212
id_lbrv1ljzfv,20.38394753982681
id_ws4vk1maeh,22.127711914608106
id_lkjm5o21jg,41.98770647159549
id_esgom4jjh0,36.71486101529048
id_5wgz7hxu3q,25.057950526326888
id_ce45fi3i9r,19.95821568130363
id_e0fmjam36n,23.684679769313902
id_t9gpc6cl08,20.98785631393093
id_4e0oh24nij,16.018400672927967
id_wcvcujkjfa,16.175508744772177
id_959hw03dsc,16.57629206956721
id_mfcbkrkwil,14.691686192266257
id_it7jxzllrd,19.849095665802977
id_8stz7b6m3b,17.266368152918776
id_6w3q8g9iws,15.680153640415842
id_w0ee2fe65l,14.382167927155598
id_fhgz7wzae3,14.473781318847351
id_w2rchmas4e,16.335168403897757
id_jmo9wtwu8m,13.701658477533325
id_uerluxmuy9,19.886240731490997
id_22yl0qw8q4,12.481606104654443
id_a9oc6x2g72,25.261380820087073
id_qbhgqc4yet,16.050678682177438
id_rn6vcvicw5,11.196584397756885
id_ytcdi9ix3q,15.468037151892956
id_qzfdep9u3c,17.991336605014823
id_33pv489fe5,20.057811079443475
id_u1gjjizqyk,12.761936830236525
id_w4rf4iv383,17.976266506084844
id_3zb1zekfcs,26.264165835925926
id_ertzpococf,18.07227757450262
id_y6ouxkmf0e,17.764949201244658
id_q4dvl9exoc,22.987340724431316
id_imi2dyvmxc,16.593377159798827
id_8flbm45nba,18.898782348296457
id_0d93zxtus4,16.862239023514967
id_xfxo3cb3tu,16.145227916292157
id_h8j2nrpseq,16.261510957126845
id_4gw4m9unp9,16.021240497713336
id_8lqfepep8r,17.445416096205697
id_lbql83v1pa,18.61299849035924
id_18r3kupks1,12.130957005914397
id_bz3fcm9azs,18.37934223469464
id_vxwc5l36hb,14.217174858806397
id_1m3ayw8orl,24.13469453565045
id_n7s22ti3u0,20.705236346905796
id_7ml18gt65i,15.432183588928524
id_pu8pv7gwz2,27.62213908036642
id_ru43es0zjg,21.213060124338455
id_n2y5dyb90j,19.64453075111328
id_v6dywtd3ti,18.482300059053877
id_gpm9b55dkf,16.729864996667747
id_envkemqd97,14.304341283175049
id_rm0pa4kk4k,16.453290865575234
id_s1qxkd8ot0,18.564059523178265
id_bwv1d5pcax,12.61667002732319
id_cvbktrmvyp,18.799488009345104
id_k4zxmef1ve,15.37492822593219
id_61jelkjb5z,16.317499785649623
id_0zwlyfwhg4,19.595165167104987
id_pipj3ap8ak,19.38660589971984
id_84xzjh13pi,14.320139317257997
id_zxct0q3dqx,20.980736721951214
id_5vji53n55u,18.953077316833618
id_7mup88cw2n,23.135589438745225
id_fomq0iryjd,16.046472599932294
id_5mq14kf61k,17.169036899992474
id_6tfrbtojwh,18.196680992437795
id_p1syd1j82p,15.9301336722046
id_2efu8wsf0t,25.88465194459285
id_nf6oaj6hmc,25.126497184811523
id_6szo04nr0p,16.754690131321986
id_k3zqwshvxx,17.913390571455647
id_xb9tzd4tni,17.274713144948937
id_1g1133mxj0,16.396595901158765
id_l51e1wtruw,14.609070219082364
id_qgc87e79ko,20.306208808880935
id_2efd5sv0eu,11.368920588855167
id_93di8172pi,13.979617315151321
id_b8vvdmeitn,14.198344107135178
id_ci6fg1tigr,14.06262277771376
id_c1zgt77fyu,13.11356084478436
id_78t3asrjbf,16.602171231861238
id_6oanpv3bs7,14.603156404586725
id_zdhxor1yx9,15.601783156389962
id_hjug95reos,13.788960022455349
id_q5y6b2vxi5,22.298169280136225
id_lmmep6vt6f,17.321908703693314
id_ur485xrowj,11.545223001167024
id_yh8jpakk4u,13.861453933975314
id_xfom70rd8q,19.411816659545966
id_cx4og6dawq,19.09791553868981
id_bxqjc4lu8q,15.8648288173776
id_dfkdged93h,15.484896552116862
id_wpc07nnnn9,16.552442789037343
id_3w6yxmo14o,14.695697114727784
id_9xhx7zdwqp,21.657159458960635
id_fkcu4ryvmb,20.700113228985668
id_iydvhqnjpg,14.236492542568964
id_xfd5bd6mbb,12.873548909125526
id_pnfc3lxqxw,11.090143898888197
id_2fi5bq6vwj,17.523760961606918
id_6viyil1331,18.47151548185577
id_5gwjmv15on,10.816534936047088
id_76bk0rtwtl,17.243049642560177
id_f60ku7tfev,12.810631704417695
id_h191utquex,18.5953311189135
id_wi04z29d3r,13.285361013567211
id_fbntyg7wwr,17.99496330422272
id_v3zrqsqzxo,15.231008202325215
id_bw1b95righ,21.44340157950485
id_zp9ylpq5fk,13.27271640546942
id_t0g20s1n6l,14.989886735625932
id_dktjg2pt79,15.981559918266989
id_mik9bcfz5g,14.786909841357673
id_t7ahyyqmpl,15.138011902231332
id_mu6p2nd1yv,23.483698116207766
id_lff5hw3ol2,21.455336458363465
id_eccaetzkfx,16.632428450772096
id_z5lh6tnhu3,19.325638786381717
id_vg90abt8lg,15.659014016068616
id_b4kmym2z2e,24.974181761710675
id_a4bm9lp96l,22.02433832056911
id_ph0f1whio6,20.39985619332541
id_bn4murbtsb,24.067310044180957
id_mbkfsw8xc9,30.619831803172676
id_e2ybasubxp,23.862448575264665
id_6i3ti67p9g,32.453090526547705
id_bec40ri158,26.51202307994782
id_zacj6i063v,20.191451751075018
id_lol7o2igta,26.4228426702947
id_m2m6u5m8oo,44.11007207190785
id_g8kpxolorf,35.354054480723
id_w57cuionsw,32.31940776995658
id_64x7iknxnp,41.936091286860766
id_umk48ombht,40.091405392005065
id_w8cmk8r8vv,14.93330760048408
id_vj0wx6wbs5,38.98935563736402
id_w7sma8wi3u,45.48670813713573
id_oqmb5rhi5m,41.87520559749548
id_i4y106oe8m,43.62940408081332
id_biglgqqok3,43.10049121288875
id_6026c6cyn7,51.702131718608534
id_ixvjw5pg83,56.19215092784849
id_w6kanjj090,54.410604820513626
id_qy2xteqn7k,52.06828232433388
id_6oi09e06us,41.57276693874668
id_37za3uvuvh,34.0301175960597
id_e1rym2u84c,46.222483726167866
id_85pjz4b5rl,51.51022646383348
id_ohyxbff88h,38.7256341678194
id_dz40i4pbqo,37.48418046465229
id_kfb0js1w3k,58.60916821821064
id_z6dnfzl23b,35.92289417455776
id_jkeoakg1zs,47.74574996770625
id_jvc6j31d7r,55.47030799529886
id_tp5jxexuje,28.862067975750563
id_dkv9vzan2j,50.49305408824562
id_21jsagai52,31.102289102646758
id_5j5wrd0r76,53.979329569338255
id_hafhcdf5fe,41.18880502567297
id_ng9duxlksi,55.40298721085865
id_1mrr0piel6,15.208584669420881
id_8dlgnof1yt,16.511457240160045
id_ayhykhxv08,27.469135779042805
id_5veb3455kk,25.086824137197528
id_0gw6p17v8i,21.801113606146856
id_h21k3oibhu,39.752398672686475
id_onax36r19z,33.03074534170751
id_kf6alfal6l,14.589834407159216
id_rgm4q6o0n2,30.038764357233912
id_051ag5i4ha,23.51859204694277
id_03ajztlcgf,23.302480381060736
id_h1gdh0ctos,33.94007229844609
id_wea0tzo38s,16.84291093800175
id_d77c6v7xlq,35.279345625292166
id_o5czlw27eu,35.35055772261626
id_z3b6rgvygb,30.818630857973478
id_iwwln55ll9,13.312999417309243
id_ctyaqjhqq3,14.807380271186132
id_bk5kqdpcvl,23.00577688956545
id_lcaeji5kvm,19.013557601289335
id_4iuroyo095,19.76372514445685
id_hwhg2nzcn7,16.146740157796778
id_zfyyzm0tfl,27.67253866810267
id_aks304uagg,11.60448023590461
id_5muf55bxe7,21.255396243177998
id_or8005ins6,24.264644496001083
id_5p0q5jonr0,17.590369211430783
id_qjskvygs4l,18.621697020327275
id_u5iqw2tz8v,21.56495777330541
id_gckh1uiy17,36.45310877329156
id_8uh4onl5v8,20.69395835902892
id_46wh4sy9gi,62.2298413161786
id_zd5wtd5tmi,33.77455822390389
id_8tax5ieqth,25.520147900048695
id_ouo0ii1gd9,24.021874232776042
id_ofkcbq4gav,27.04006353632087
id_yak2zy4o8d,29.963569431263338
id_lmj3zlydl1,33.826434937976174
id_r5cm1bhxkl,44.62151144242957
id_0zbo52y2xz,27.36119322803573
id_obd90peb73,58.29944640410937
id_yubp5ipspp,33.42774947201867
id_q44cbuudsn,29.468911785557804
id_kav1f2lb2r,32.22429017311894
id_gxbkwk0iez,45.1543927532065
id_ek9x8hre7u,58.11716751726599
id_r871vcfbl4,38.22844474601063
id_35iwrmt1yx,55.321821162355896
id_mgt3ob9nni,38.041714498054326
id_ata3d9u9ij,66.755373347233
id_389jy0txmq,57.771797254210206
id_oaaxhllgnf,50.35945973730501
id_fpoz5ozfg7,61.907450537748296
id_hygp8jfsb2,69.2556284998844
id_tgmi1f70mf,76.89306819529055
id_8xhlkfw0vd,15.520485208930536
id_n02h09aa2y,30.716759200015787
id_vcfstyofl7,28.34584689451369
id_jjreek4wj9,34.04790703864838
id_x7op0k35jb,20.902924197117905
id_m0rro9r1gv,21.036876914431335
id_9ky9s3jqyp,34.00469587360147
id_ohpg2cpkpk,28.114330180463124
id_s13clcy2o7,35.98479286650285
id_2h4f3oh33x,39.40722612646766
id_lzsgsz7nuf,28.707229437041203
id_gnfl6qhq2v,44.7983499288127
id_izavvighqu,61.27354488101558
id_5mk7jbh470,41.06902101201395
id_y78kz2lj7d,33.104041257677906
id_r0jik026d1,39.756602714029995
id_4l552ar61j,41.646088235170225
id_yog4iw8i1o,49.349416519755025
id_pv5p2rds8o,46.391384052447165
id_1k5akrmzgv,40.02377531878699
id_ks7ucfmf06,67.0253010875185
id_15cuw1it4j,57.193899252816834
id_kfgdu8dkqk,54.11850902410807
id_aa4sqe4emy,39.73062942342109
id_zytuipkh4s,36.52479858928315
id_753xfgjvu9,49.54479754280847
id_lpvtn9w0zv,54.189470346360636
id_7asrrizo0g,26.51532263219129
id_8bwlfohvu1,50.970660238256066
id_1hy6gjm6kl,70.82449979367817
id_qsf30wtdhv,15.544606521308292
id_1uv0ibuczo,17.395841333003855
id_80csjj6d48,22.13193621333498
id_n1g3zkow2a,13.838134244924913
id_qjt5kb3u6x,19.884078630516715
id_6e8d5kqq5q,18.983024223323877
id_wvhdr0r7th,22.934008693964138
id_x5r3svy996,16.477202374323586
id_o9ggz31qgu,12.698914153535446
id_gv60syhrk2,20.08010390767731
id_g3j3o1t4sz,18.33006677342293
id_laabpazmxh,12.821312523553951
id_eho4ay6smw,15.119672771597923
id_w8nvwfcpmm,24.62386955833265
id_btnsop89b3,20.225177370619374
id_0w6dn0yvk6,13.986607444708344
id_gpznwpt7ys,19.610681768413706
id_z23dyz3slb,14.524901674157315
id_2ojx7eu8qw,12.192002783268693
id_98t8cdz765,14.267942240307866
id_8f9m9dleze,13.749586497831062
id_oeaawvliom,17.6843347278934
id_ov5yh9unz0,13.318087717243225
id_syrmc724fl,11.985529843649303
id_wsfou7xddv,9.722261722789694
id_gdrcof729w,15.280305117405298
id_yyeq995o40,8.061118062773252
id_mhj0m6vsoz,8.632703032639462
id_d51371db4v,9.572343282575337
id_nrt1xvsex3,10.142256192654477
id_e0e2p1877w,8.647369882750697
id_ezhbu5sh62,17.95887663579335
id_c4pskc8s76,17.45926614414124
id_r0ufs02ezc,4.97600726794393
id_hk47qerjv3,18.908626954324955
id_8qq33hqkxq,4.886525435127274
id_w1qz8bdksu,11.405204820014012
id_n74jn7d5ct,10.222490203573573
id_b2yadnldic,7.102219018996488
id_484yc688bf,8.982251419031387
id_5w25kqbc16,13.84782822813955
id_9n8atixf1w,7.7980387354972605
id_5f8seqeob8,11.397037736198648
id_h0d3gkad49,15.586152408665258
id_g7kvipny30,9.588575499079107
id_hmwh1yqafb,9.82438536206183
id_xjzlyzcmgj,18.01340369849541
id_inhwqwpuun,11.78819330551765
id_wsm8a53caa,9.51353913649662
id_r9mlk12372,12.430380853640237
id_oisa8d97gd,24.992818711185137
id_6ab55sm71v,9.330397042132155
id_too46nmh07,16.26539221054633
id_r5m6g5ftw3,18.04323679739923
id_g6vqehwv9h,22.17457312451874
id_na1dwva2t9,18.709182267383603
id_nr83m898q4,33.43483673199577
id_588qh1lkgp,25.187962440860463
id_1k70mcdia8,22.70294809232032
id_4kvsbq5i01,26.60806881954214
id_u90ok9v1g2,51.997592257013515
id_f7jhr0tzyj,37.96228839474132
id_496ds7trwi,23.288653744827432
id_rjedrxh5ol,18.66891129654855
id_iznxqqg86k,34.683648618457575
id_r2nitpoo6n,26.17953155879295
id_ako3197fah,42.58066133211931
id_nprrbmfek0,41.328059743238015
id_bmxffkemr6,35.04305637069607
id_w7doelm7x4,42.78729533184984
id_8z87l1y49i,32.28367202347013
id_ebkjvn720n,27.541659152047664
id_tc14hgelz9,28.300344900598635
id_a574b55rgm,30.91013765641523
id_dz6m95a6g7,20.86526921494298
id_wei7m8hy0n,21.37556319182581
id_hj9g1ena8l,24.183288206366242
id_hxkqt31oj0,25.969591803097124
id_j9xr0ullvp,22.762078150411554
id_dhxexr0nl8,20.33629074243755
id_thyiz3erhs,28.072052252685534
id_vfer04eoj5,15.030367005030921
id_dtjlkdb6na,31.53650026255271
id_wjevf26x7g,26.610609984660393
id_js2e45rmts,26.76403627913906
id_h4sopez1xq,14.650156749058652
id_tli2tt2lre,19.24016488067253
id_nml7r1ihuo,16.50125125475834
id_ny3rzr8dw4,28.612075408411247
id_dgyrdg3c7c,22.585064887293328
id_5xl1ofkel7,23.474173451865287
id_s9z5qdtsok,42.33550514365312
id_wzznck6hr2,31.782446100412432
id_2jrs4cf50t,17.92676280236147
id_zr9i8iyl05,24.348636062367774
id_ywr3489vgm,26.848075900299015
id_40yosi6uqe,15.75921201839704
id_hvj85b4s27,23.08779575648564
id_ve7iodkk5x,20.741821692192502
id_prcsjcgmvr,27.374860259295524
id_urporbfca8,28.909923578019246
id_hnh9veqj44,18.468050151058065
id_66ujv86e23,15.04701196201005
id_op00lvkxjn,22.444578730012033
id_0h1a9dhuum,15.252167414645847
id_ng6gkjkewg,19.862831636796457
id_u3q353kzgc,13.329928987015425
id_ykfovbo3gm,24.00399374962748
id_k2wnuw9gop,23.153823681783354
id_n742fvx1ah,23.7764063360221
id_ecz5hhz0iz,15.643612065478022
id_t3tupepv7y,24.455170201554044
id_touyxi6cd9,24.773577885353426
id_fv0z5li929,12.984865580686483
id_1rbmh121yv,14.95215512235112
id_jxivfqw95m,32.878571019093236
id_c99mmbda9h,29.0455180835085
id_amvzqnr8uh,17.233988001175863
id_vd8i2z3hob,32.910451448929855
id_sq6qs6ygpd,29.844411346954253
id_grfpl7lzzm,29.051797104328102
id_rqzxw5tozc,19.45534706533519
id_74zv2ut2b5,32.46713909331002
id_je1zddxbcz,23.500260559987645
id_p1lsa0r1uy,27.577905413534317
id_466f3sjyaa,26.63467113632768
id_6bji5k248v,28.59252903134462
id_xmf644v3gg,51.47557924978247
id_7ww556yt1z,17.381864485785027
id_1kv2mm53gl,40.303370087538745
id_gogfzwk8d6,33.10444213618275
id_4ijyknjpyw,45.158157699848104
id_51yb1ejvyp,61.597812543357946
id_e8kgwianqu,35.869379455304916
id_01xma9jtcq,58.71463035329909
id_b4c2qvjsq9,47.08355848052887
id_kkxio9kyth,70.23005838712636
id_eo46mly8qt,59.48663913184927
id_x6q1xzuux5,50.434348816721574
id_o9paw0x3kv,64.45129755767205
id_rmptreswq4,65.70802024063308
id_t3b2vd5gaq,65.902806201882
id_1ccceino2g,47.74574996770625
id_pkszxukfw8,64.01053194486585
id_irjroluzw5,49.53259058459966
id_41oiry183k,30.742811531633023
id_cfcgnt1ghb,47.166333614406874
id_sjd7rg1oll,50.09480678468086
id_364xgx2f9d,52.844680274210646
id_fy2bmhco3s,49.916764350210535
id_axh2ddc911,42.330244761506755
id_29vkc8fnf2,47.14018464671015
id_4ohuy386ux,55.40298721085865
id_ny7vfafssc,33.878327221792475
id_is7lidy1mf,13.23426658468322
id_3gzqnrpvj1,8.804265144063008
id_tgs79jz18s,13.457386156962396
id_1vuxj43b5t,12.69015694610887
id_0li1v5bnou,14.70417953742949
id_2rkm63c28h,18.29370632875965
id_u4ue41ptfe,11.970497836333166
id_hqm9ncx8e0,12.271222058058308
id_nm7ygb4b3l,8.814166597669487
id_jh45q5uczs,12.046047728532631
id_8wae60vl8s,20.72809135367679
id_oew1wkaotf,13.808046552181551
id_2blz0nu3gr,12.778813735839513
id_8561e57ms1,15.55133052891833
id_6l2yazaml7,17.89926338927582
id_u8x5imye5i,24.91724907583523
id_3n4fcuig6s,13.445929729366389
id_63yqksu7g8,19.139264056780934
id_vr7oawtyr7,29.505735672154003
id_hucimtkqcs,17.829627882400704
id_en1o2lrl13,27.85903505303672
id_7unrf37lps,14.083117066652742
id_airjz9ye97,17.723312878689605
id_scnvuwxqzg,25.373737385499403
id_e660aintu0,17.253289039984494
id_xp5zllo7bm,29.978389655478058
id_9vmhojq424,20.618128320597574
id_1qhlpx2pcm,23.173719684036033
id_qedyi4kq32,13.796555407134639
id_vyxdm338eq,15.769839421425745
id_g2ct966v3a,16.63191437031129
id_npft5kn5zd,17.29026609394519
id_d9roa39323,17.799391199436474
id_7jxotkoa6i,23.141888037769633
id_io83k3isds,20.57024424516751
id_0phnbrqgvq,20.7755041009827
id_8fhskk4v0o,15.5098679626883
id_jmark42lrd,18.987272277564184
id_4uoyxutrk9,24.484737228267353
id_z3ne71faqd,17.86911836086303
id_3lsi6od9kk,14.513106267799788
id_wnmtya2xe4,14.632379033897484
id_kxpxubm2ks,14.586087556948353
id_jr62xr6pn0,13.90073710005843
id_i1ndfhbqh8,13.125070609567294
id_xbzzfn775f,13.987811779482831
id_2jgxgek3pp,14.699148912064398
id_cz0j93tjn1,15.49183004161136
id_ibjyuosq7h,13.995507068611719
id_qdj44e8qxy,13.899732235740831
id_pr6ybzbo04,14.933662949530275
id_6is3wqphrp,12.480497492497399
id_a19c8qy624,18.315762550156595
id_fccl3r4vhn,15.471506129020199
id_lpadx9ljyn,14.733444802279303
id_yrlxid7w5f,13.113875914064486
id_iyelznc712,8.549891191857052
id_d4zyhlrp7i,10.808442830575407
id_yamlzhxpzl,13.738750881778689
id_69z3k5udxl,21.09309938778269
id_250ilall7a,10.34850744996746
id_5oh31qlbqd,14.144976962137875
id_g0pt3qxex9,5.290126928811166
id_wecofpgirx,12.486374606489138
id_srbbfyzb4y,10.706133145457228
id_9dwlszpc6f,9.699390309518048
id_rx1c8t309y,9.083101476039
id_ihc33303cp,16.965837856773568
id_efyw9jlc2d,12.234084039046207
id_r4qda17kgf,10.685486327107334
id_ztkiuvq97m,14.959695284305553
id_57vj6lphyj,13.136447831864098
id_1a219llt0x,11.164477514768425
id_7dum8n5jfs,15.417142341833118
id_mprnfw8jby,15.39842298212243
id_4kwyl8vwk1,7.669950991018789
id_hkd5b8lkry,14.917170520586602
id_ugse3zoarv,26.69360979258422
id_2mihn0ik0d,9.874090806974229
id_eq3nj1bw4i,16.41976801057992
id_eztbfv2vvq,14.812188000286515
id_j822qt24o8,15.914416460072712
id_nyc1n6dupk,13.376421823969276
id_5rfy4jo9id,12.529034168625971
id_z30ciw3guv,29.40414263262133
id_cikel8zc0d,25.990575455585212
id_pn6ira1t7j,21.528617949369554
id_etyxjytmkl,21.94086445303793
id_vk4ybuoyry,44.81381281287245
id_qm010ay0yb,37.96228839474132
id_ufglp9d8e6,25.057950526326888
id_vfxihvxog9,19.40522319290622
id_gx87k11mh3,30.34717451162665
id_5yblexf7zp,19.982490350346506
id_c9cycuvetl,55.44842826998515
id_8xu1ardxni,38.08760303557637
id_aumy97t1iu,53.92939165401371
id_cv1dq53hzh,33.878327221792475
